z_cluster,z_minScore,z_maxScore
89970,"",""
86970,"",""
74070,"",""
10110,"",""
85860,"",""
28131,0.98023965783311,0.9939858428079218
41070,"",""
4298,0.4955341994516284,0.4955341994516284
60904,0.4062881073352191,0.4062881073352191
61230,"",""
5100,"",""
37290,"",""
86310,"",""
59760,"",""
49999,0.49183455736479464,0.49183455736479464
34368,0.4189660235817146,0.42248551649990734
65640,"",""
31170,"",""
1530,0.450897780447821,0.450897780447821
18240,"",""
128370,"",""
21660,"",""
39960,"",""
87900,"",""
20640,"",""
64860,"",""
41220,"",""
19320,"",""
6390,"",""
94740,"",""
65160,"",""
47460,"",""
105150,"",""
68250,"",""
80910,"",""
106890,"",""
97080,"",""
96450,"",""
8220,0.8911249529655091,0.9946156524591944
23970,"",""
100740,"",""
104850,0.9810795919588212,0.9927742648919292
90630,"",""
2160,"",""
132570,"",""
47070,"",""
12330,0.9062981445973161,0.9062981445973161
86520,0.46817039966176505,0.46817039966176505
58620,"",""
86280,"",""
105360,"",""
123900,"",""
82860,"",""
22490,0.4587985498999197,0.4587985498999197
35400,"",""
26370,"",""
26010,"",""
101277,0.9723777586478554,0.9723777586478554
128997,0.9680933055361188,0.9930641667401623
58560,"",""
41394,0.8745524458987869,0.981138821011245
27330,"",""
9840,"",""
69210,"",""
10290,"",""
15097,0.40039206727879684,0.7533836323796456
93210,"",""
68430,"",""
13844,0.449045394951591,0.449045394951591
29130,"",""
89520,"",""
47550,"",""
123120,0.7504928130623433,0.7504928130623433
6960,"",""
21310,0.9711444714181847,0.9926106234803038
131460,"",""
105030,"",""
102180,"",""
56610,"",""
124434,0.8855273908014046,0.8855273908014046
40980,0.9591076784364169,0.9931774440182883
60090,"",""
28350,"",""
16134,0.7178628012665534,0.9914752640685172
44760,"",""
57180,"",""
64950,"",""
76830,"",""
24600,"",""
97710,"",""
2340,"",""
50280,"",""
59796,0.41174981857303905,0.5070356864230496
79341,0.8746939846052049,0.9800377734001431
25830,0.9952227536000962,0.9952227536000962
27060,"",""
21540,"",""
124860,"",""
31740,"",""
37305,0.44899917470601386,0.44899917470601386
76704,0.9633843155895695,0.9942322398449379
2171,0.6372647096773395,0.6372647096773395
32760,0.9438909693863196,0.993240138527438
77760,0.9802934487155023,0.9802934487155023
39810,"",""
81660,"",""
66000,"",""
118080,"",""
80010,0.9865201147076869,0.9885104632861397
88527,0.8228887349801878,0.8843184081564553
95100,"",""
58710,"",""
25218,0.563165979504974,0.563165979504974
127290,"",""
37170,"",""
24480,"",""
73770,"",""
116610,"",""
68640,"",""
124770,"",""
92310,"",""
61410,"",""
5220,"",""
67140,"",""
71460,"",""
69120,"",""
101790,"",""
92010,"",""
43080,"",""
118350,"",""
41760,0.9649432268235505,0.9952227536000962
40050,"",""
5790,"",""
5520,"",""
74580,"",""
108300,"",""
128340,"",""
96990,"",""
51870,"",""
125010,"",""
25372,0.9449255774122641,0.9942838533313981
13945,0.9265145114581197,0.9915698457333615
35731,"",""
51751,"",""
4381,"",""
130321,"",""
35701,"",""
5341,"",""
45901,"",""
51031,"",""
21811,"",""
41041,"",""
80761,"",""
127741,"",""
66961,"",""
42991,"",""
61021,"",""
126181,"",""
119491,"",""
78211,"",""
124861,"",""
66631,"",""
85981,"",""
78001,"",""
94111,"",""
82201,"",""
118021,"",""
114991,"",""
3235,0.9741196335339536,0.99123121179214
1051,"",""
125671,"",""
128701,0.9878635154108046,0.9878635154108046
30871,"",""
37351,"",""
20041,"",""
46651,"",""
8221,"",""
80491,"",""
109591,"",""
123061,"",""
110521,"",""
13168,0.97286063237845,0.9886747563407958
8029,0.4385995359241809,0.4385995359241809
91768,0.9898158845884252,0.9952227536000962
10075,0.7355178945010583,0.9952227536000962
10381,"",""
56365,0.9669714552299631,0.9669714552299631
120361,"",""
25711,"",""
35998,0.7146001232591321,0.8951542181126386
44631,0.9327362986043122,0.9917652589607758
107101,"",""
120841,"",""
131128,0.9924826791358539,0.9924826791358539
111811,"",""
30147,0.8242306985823007,0.9952227536000962
60481,"",""
81601,"",""
48661,"",""
31319,0.43181925580821545,0.43181925580821545
46201,"",""
96901,"",""
112741,"",""
32401,"",""
126691,"",""
75331,"",""
27241,"",""
78961,"",""
83191,"",""
32521,"",""
114655,0.7515683102909011,0.9438909693863196
7801,"",""
72391,"",""
72001,"",""
26371,"",""
47491,"",""
96181,"",""
58741,"",""
1231,"",""
4231,0.44572302331643127,0.44572302331643127
73111,"",""
118381,"",""
63091,"",""
95608,0.9517826011955887,0.9517826011955887
62431,"",""
81031,"",""
69751,"",""
26191,"",""
105301,"",""
123991,"",""
41371,"",""
66931,"",""
71641,"",""
32251,"",""
87901,"",""
99159,0.6444414910919555,0.6444414910919555
88531,0.9640171828991567,0.9759717911285136
1081,"",""
31771,"",""
93991,"",""
1074,0.9728900946449867,0.9936963280681194
101821,0.9907453314477414,0.9907453314477414
37561,"",""
46582,0.9661964666037561,0.9925692031903125
122671,"",""
99151,"",""
19621,"",""
129091,"",""
68941,"",""
42631,"",""
39871,"",""
56941,"",""
110431,"",""
58591,"",""
9205,0.5632513619930134,0.5632513619930134
13411,"",""
1321,"",""
61372,0.9226962035630011,0.9952227536000962
103081,"",""
131179,0.6794499076082514,0.9844067626069086
5311,"",""
33631,"",""
24481,"",""
79921,"",""
14161,"",""
123541,"",""
43261,"",""
67021,"",""
96481,"",""
69598,0.9883701192953159,0.9883701192953159
42151,"",""
72811,"",""
37861,"",""
6402,0.6278547439716134,0.9855999235235656
103732,0.9657537704127959,0.9952227536000962
118441,"",""
43198,0.7170800441211603,0.9247496468963754
18961,"",""
13501,"",""
58711,"",""
31831,"",""
128041,"",""
24271,"",""
67531,"",""
21481,"",""
14191,"",""
48469,0.6166829155869231,0.9311943676130795
11608,0.9936734116065394,0.9936734116065394
18211,"",""
68821,"",""
24331,"",""
89731,"",""
74461,0.9839415505520526,0.9922076038446395
31712,"",""
58586,0.8381850710381588,0.9699843968766197
14859,0.41056743524464817,0.4251275885749022
40202,"",""
38042,0.9952227536000962,0.9952227536000962
3713,0.9285124366261026,0.9936734116065394
5522,0.42378930495876777,0.5597276002282308
80642,"",""
87872,"",""
84089,0.9755206915116124,0.9926667947389793
67832,"",""
67139,0.8253135258629741,0.9656115425828173
44282,"",""
14282,"",""
91712,"",""
14396,0.9653255558966116,0.9726109021781222
62942,"",""
60062,"",""
9812,"",""
25772,"",""
872,"",""
126,0.4178695094920524,0.9942756767221584
84752,"",""
80552,"",""
23912,"",""
858,0.5426982539878248,0.5426982539878248
53492,"",""
9002,"",""
26552,"",""
59042,0.9812755650281201,0.9854254621158656
55232,0.9887449137355477,0.9952227536000962
93842,"",""
40862,"",""
19412,"",""
29792,"",""
752,"",""
33062,"",""
46142,"",""
47792,"",""
24962,"",""
26582,"",""
66002,"",""
2506,0.4120460151465068,0.4120460151465068
94052,"",""
48449,0.9373133692987102,0.9621926707634139
75932,"",""
41577,0.5027976103770966,0.5027976103770966
86612,"",""
9572,"",""
31472,0.9908919098999969,0.9913463746542983
91952,"",""
40442,"",""
3463,0.42257703500458216,0.43457817229263285
78509,0.9041946145671218,0.9470674142429378
19157,0.6606270685130323,0.8783470936432096
65102,"",""
68492,"",""
80282,"",""
34082,"",""
29612,"",""
12062,"",""
46982,"",""
89042,0.9925288023066008,0.9925288023066008
33392,"",""
9902,"",""
16322,"",""
43109,0.9856796218822236,0.9856796218822236
12092,"",""
20792,"",""
56102,"",""
12152,"",""
37412,"",""
6542,"",""
61052,"",""
18002,0.44718923164343866,0.44718923164343866
5192,"",""
74096,0.9952227536000962,0.9952227536000962
77396,0.8624120814562851,0.8979854920698472
4862,"",""
69782,"",""
62453,0.4108766354263,0.9872694255727232
82082,"",""
8132,"",""
44102,"",""
84029,0.9800859833796279,0.9936109261068321
43022,"",""
60602,"",""
91322,0.9430718171137566,0.9916785886707903
572,0.497255717573595,0.497255717573595
60902,"",""
44606,0.7262063871038502,0.9360574994637181
24182,"",""
78812,"",""
55712,0.9952227536000962,0.9952227536000962
39029,0.9951264711394308,0.9951264711394308
2642,"",""
44702,"",""
72782,"",""
62792,"",""
11942,"",""
63152,"",""
28682,"",""
59342,"",""
57962,"",""
2252,"",""
18512,"",""
10262,"",""
67052,"",""
77942,"",""
74072,"",""
42572,"",""
21392,0.9900592205763161,0.9900592205763161
71282,"",""
99993,"",""
94833,"",""
127353,0.987497117323123,0.987497117323123
123,"",""
24573,"",""
122343,"",""
55533,0.9938647243311929,0.9938647243311929
90333,"",""
55770,0.46952629954152364,0.9945814944741239
116163,"",""
52923,"",""
103503,"",""
132273,"",""
117903,"",""
96873,"",""
1185,0.8409258594689594,0.8409258594689594
126723,"",""
8493,"",""
117183,0.9733653583599653,0.9733653583599653
76443,"",""
110103,"",""
37203,"",""
48693,"",""
72933,"",""
99423,"",""
103623,"",""
67773,"",""
59733,0.6769729807232185,0.6769729807232185
90237,0.9921550836812976,0.9952227536000962
48903,"",""
41553,"",""
118173,"",""
1383,"",""
12483,0.4265741682364245,0.4265741682364245
18504,0.9526381277721798,0.9896835227115497
49173,"",""
119883,"",""
87153,"",""
44070,0.9813175284016425,0.9813175284016425
76383,"",""
39363,"",""
2934,0.9624641334584716,0.9937491581699864
47733,"",""
15123,"",""
101883,"",""
11763,"",""
22533,"",""
105573,"",""
91263,"",""
97413,"",""
96933,"",""
119253,0.9803076668200609,0.9826450750043605
12330,0.9062981445973161,0.9062981445973161
79863,"",""
76983,"",""
27288,0.5403001789200226,0.5403001789200226
5574,0.8396030258656193,0.981138821011245
94473,"",""
30063,"",""
73473,"",""
74103,"",""
99213,"",""
55173,"",""
13832,0.5030571219136423,0.5030571219136423
124443,"",""
42873,"",""
56520,0.9938647243311929,0.9952227536000962
118773,"",""
4067,0.40184487412381004,0.9945052298849733
76473,"",""
27303,"",""
11959,0.5013116083777551,0.9809572794088899
17433,"",""
11043,0.4160543330345549,0.4160543330345549
110283,"",""
603,0.9912733249652526,0.9912733249652526
96963,"",""
70671,0.7607874228276085,0.9949515356095802
12382,0.488764904316371,0.488764904316371
63363,"",""
67002,0.4137987303448804,0.4242964618508427
107073,"",""
71883,0.9358677346477549,0.9952227536000962
58653,"",""
84333,"",""
63513,"",""
120903,"",""
114783,"",""
103563,"",""
38583,"",""
23127,0.9735429363627871,0.9900438258841219
128643,"",""
130563,"",""
85833,"",""
112323,"",""
95133,"",""
90693,"",""
114903,"",""
8737,0.4156769381382254,0.6831739632138152
47133,0.9873406763234975,0.9947028339337217
73233,"",""
35583,0.993965125192027,0.993965125192027
67833,"",""
13443,"",""
17967,0.991444327077576,0.991444327077576
101841,0.850925812189634,0.9717045154687962
8073,"",""
124923,"",""
59943,"",""
56223,"",""
88953,"",""
50250,0.9849376750125535,0.9952227536000962
7023,"",""
83823,"",""
99783,"",""
86163,"",""
60783,0.45724882942903866,0.45724882942903866
19533,"",""
1119,0.9952227536000962,0.9952227536000962
1533,"",""
15930,0.9949109049845081,0.9949109049845081
45153,"",""
91953,"",""
120693,"",""
62643,"",""
34983,"",""
71680,0.6481735703362236,0.6481735703362236
124713,"",""
1119,0.43110716797955123,0.6118258790837445
52533,"",""
61653,"",""
47433,"",""
63753,"",""
6873,"",""
84903,"",""
1683,"",""
42753,"",""
103533,"",""
58323,"",""
27543,0.5380919139742653,0.5380919139742653
94953,"",""
105063,"",""
85504,"",""
37471,0.9857479601338891,0.9904184337670737
74434,"",""
16645,0.5657219272882802,0.981138821011245
94261,0.9929852922883682,0.9938656438586209
39604,"",""
2824,"",""
50413,0.436079657700155,0.436079657700155
123694,"",""
65164,"",""
63064,0.9834786174574723,0.9834786174574723
20614,"",""
14524,0.9943837780026439,0.9943837780026439
75571,0.9923172005292936,0.9952227536000962
12724,"",""
95548,0.9887909753978383,0.991069602258664
53464,"",""
17251,0.9924677296221012,0.9924677296221012
114694,"",""
28444,"",""
117814,"",""
484,"",""
120064,"",""
122794,"",""
98494,"",""
73528,0.9818203989954265,0.985773015980574
39694,"",""
87934,"",""
66304,0.9906048830663758,0.9906048830663758
8080,0.5301583734205898,0.5301583734205898
116824,"",""
82264,"",""
121471,0.7524153233959422,0.9306324734409377
117124,"",""
28714,"",""
100324,"",""
124324,"",""
125584,"",""
24214,0.9925758246166663,0.9945537781878135
6994,"",""
105484,"",""
24124,"",""
83014,"",""
61915,0.9578424527125258,0.983584641039529
8704,"",""
94804,"",""
123154,"",""
73144,"",""
1947,0.5369247453935697,0.5541826969846254
31654,"",""
117154,"",""
71398,0.831108637627215,0.9916975038550923
37444,"",""
25504,0.9925468645354409,0.9952227536000962
34774,"",""
3604,"",""
13534,"",""
131284,"",""
7519,0.8534657044119511,0.8703175567751196
124414,"",""
60874,"",""
57298,0.9925783838194544,0.9925783838194544
112468,0.7871632790742583,0.9438909693863196
89185,0.8084759845805357,0.9876107319734171
104455,0.9803951971529534,0.9947826487625325
6784,"",""
28084,"",""
62764,"",""
87094,"",""
291,0.41928652872282063,0.481481656022184
580,0.41895247834513905,0.9908146639180089
126,0.5175333674003438,0.5175333674003438
19681,0.5979733828858262,0.9829830912305613
108634,"",""
122674,"",""
85261,0.9615464552192232,0.9878322765641779
33964,"",""
56074,"",""
51301,0.9854691645074032,0.9916975038550923
67118,0.4705808893289829,0.9932307409764685
84964,"",""
4067,0.45329394812191437,0.5797141219762884
1024,"",""
95314,"",""
25654,0.8832036986133581,0.9900937897650108
114214,"",""
126,0.540252376799525,0.540252376799525
87484,"",""
128104,"",""
100834,"",""
86734,"",""
62368,0.9952227536000962,0.9952227536000962
121594,"",""
129814,"",""
128911,0.870630841685329,0.886887266257565
27034,"",""
44452,0.4002922689340532,0.4002922689340532
10864,"",""
20344,"",""
77044,"",""
8224,"",""
98464,"",""
394,0.9219168446972128,0.9952227536000962
128734,"",""
74584,"",""
112204,0.4182478157601022,0.4182478157601022
5161,0.8498237375981579,0.9898795937753909
92584,"",""
20404,"",""
40894,"",""
51904,"",""
43114,"",""
114064,"",""
46564,"",""
83404,0.9926792091898546,0.9931287428809983
98284,0.8095356958276027,0.8095356958276027
60994,"",""
16804,"",""
71854,"",""
48994,"",""
13924,"",""
46234,0.5305782651513087,0.991955220922719
122074,"",""
40624,0.9952227536000962,0.9952227536000962
23221,0.9927303412037592,0.9938370792040001
53314,0.7717201002097044,0.9942879805816086
13714,"",""
100204,"",""
79474,"",""
76714,0.9701505452962116,0.9818203989954265
20974,"",""
125761,0.44785660554691586,0.7276345997995931
57574,"",""
116704,"",""
59044,"",""
1877,0.42165602691261483,0.5062667509724986
96874,"",""
87964,"",""
37196,0.9648910456055015,0.9952227536000962
115744,"",""
17404,"",""
14584,"",""
109324,"",""
50134,"",""
65404,"",""
14764,"",""
57604,"",""
78964,0.9031512561508567,0.9952227536000962
5824,"",""
127684,"",""
121804,"",""
19925,"",""
37142,0.9920657996110464,0.9937037715500242
25385,0.9228083968055603,0.9910591985999629
79895,"",""
91766,0.956728737854906,0.9862001687244395
68945,"",""
41705,"",""
43955,"",""
29165,"",""
20435,"",""
75155,"",""
88715,"",""
11897,0.4118014254439999,0.5960181718238782
16055,"",""
91595,"",""
36185,"",""
3665,"",""
6910,0.48036028508144457,0.48036028508144457
2747,0.5113933681715683,0.5113933681715683
60200,0.9585186695197401,0.9726167719000998
65405,0.5833085444319728,0.5833085444319728
59825,"",""
7295,"",""
60035,"",""
69485,"",""
14222,0.8016555195973063,0.8673817353205647
26765,"",""
52595,"",""
90905,"",""
74015,"",""
22409,0.48175223035749204,0.9952227536000962
93815,"",""
46355,"",""
57605,"",""
53195,"",""
59465,"",""
2855,0.5901798631226336,0.5901798631226336
11255,"",""
28115,"",""
82775,"",""
74135,"",""
6515,0.9817805488196326,0.994697105264511
90215,"",""
6155,0.9832207792543511,0.9905934002865586
33065,"",""
85175,"",""
37985,0.41653250838252626,0.41653250838252626
7415,"",""
42965,"",""
8765,"",""
8435,"",""
65045,"",""
69065,"",""
53045,"",""
16805,"",""
21665,"",""
28835,"",""
56825,"",""
73652,0.4422304277298205,0.9803347313995026
25218,0.8887961886189641,0.8887961886189641
89915,0.9859369605433117,0.9859369605433117
92405,"",""
66716,0.8217821754241426,0.9917504819832309
78905,"",""
48545,"",""
12875,"",""
51122,0.9535144432817027,0.9952227536000962
39095,"",""
68495,0.9915698457333615,0.9947078089556612
4415,"",""
40925,"",""
28442,0.5113831646357782,0.9864851605987384
3425,"",""
40535,"",""
72005,"",""
4807,0.43025791635062766,0.43025791635062766
77945,"",""
20555,"",""
24155,"",""
36035,"",""
23045,"",""
67595,0.9890662724183458,0.993564217943584
61647,0.4285410867065069,0.5256128454123017
8975,"",""
67115,"",""
26216,0.7730224872327115,0.9791771761417457
40565,"",""
72395,"",""
58019,0.9844882340184701,0.9909707543225671
76445,"",""
6725,"",""
73415,"",""
88475,"",""
26615,"",""
2045,"",""
34085,"",""
61865,"",""
13355,"",""
4835,0.5197498736983777,0.5197498736983777
91236,"",""
101016,"",""
103926,"",""
20436,"",""
4986,"",""
97680,0.9952227536000962,0.9952227536000962
97866,"",""
122553,0.993172515220938,0.993172515220938
25386,"",""
75720,0.9596255530416133,0.9925898813631384
68436,"",""
36996,"",""
15786,0.43636577388649983,0.43636577388649983
366,"",""
9412,0.4129289196545863,0.9947826487625325
30456,"",""
54036,"",""
123606,"",""
96147,0.4012291817794277,0.9433772401525954
89496,"",""
88506,"",""
14226,"",""
28266,"",""
81216,0.9167013581442811,0.9945375612121131
57696,0.9944743997530586,0.9944743997530586
80286,"",""
6486,"",""
45396,"",""
54066,0.9730541873960401,0.9730541873960401
119646,"",""
112416,"",""
124686,"",""
42096,"",""
102276,"",""
81516,"",""
100470,0.9920305016929716,0.9945208116194446
58266,"",""
84996,"",""
40783,0.4026167618411886,0.4026167618411886
83676,0.9922892171666426,0.9922892171666426
36246,"",""
102516,"",""
71766,"",""
130056,"",""
103596,"",""
22356,"",""
119466,"",""
23436,"",""
46836,"",""
108783,0.989179461317364,0.989179461317364
86676,"",""
44226,"",""
65643,0.8479774586290585,0.9929318100825512
132636,"",""
129786,0.9930641667401623,0.9930641667401623
19956,"",""
27306,"",""
19304,0.5742154603805812,0.5742154603805812
88806,"",""
11046,"",""
121926,"",""
8136,"",""
126,0.42784101086464216,0.42784101086464216
88920,0.9521215846117869,0.9900592205763161
117456,"",""
33906,"",""
5796,"",""
22386,"",""
102336,"",""
91986,"",""
69096,"",""
76386,"",""
34926,"",""
82806,"",""
93366,"",""
62856,"",""
61116,"",""
18126,"",""
6,"",""
101796,0.973291116460449,0.973291116460449
60066,"",""
132996,"",""
15126,0.9928005519654538,0.9928005519654538
636,"",""
41196,"",""
63726,"",""
11316,"",""
10017,0.9137739734750572,0.9777236143299055
87576,"",""
20106,"",""
75156,"",""
19737,0.9541172241907199,0.9722921703100031
58296,"",""
59016,"",""
83106,"",""
97056,"",""
8550,0.9687292720304491,0.9849376750125535
73056,"",""
9486,"",""
24156,"",""
127026,"",""
77976,"",""
94116,"",""
22236,"",""
91356,"",""
77130,0.975491680539879,0.993965125192027
60816,"",""
111453,0.983935224493514,0.987445398765892
84336,"",""
116316,"",""
18696,"",""
121896,"",""
13386,0.9345714030745637,0.9943179674066518
36936,"",""
35526,"",""
117996,"",""
31446,"",""
32286,0.47119837027056183,0.47119837027056183
103716,"",""
44466,"",""
49596,"",""
57276,"",""
11226,"",""
58236,"",""
8106,"",""
32946,"",""
102186,"",""
13236,0.5271253956481011,0.5271253956481011
103416,"",""
105123,0.9660823920605027,0.9660823920605027
78846,"",""
74886,"",""
104016,"",""
65406,"",""
103116,"",""
128106,"",""
61896,"",""
1727,0.49909176158590424,0.9834043852988882
72126,"",""
132336,"",""
91297,"",""
51604,0.9577345378086207,0.9935141928111113
29467,"",""
78577,"",""
122737,"",""
21427,"",""
114247,"",""
104137,"",""
117037,"",""
98347,0.5901046399095312,0.5901046399095312
21457,0.9926278674655746,0.9926278674655746
5227,"",""
127297,"",""
96577,"",""
2316,0.7504444018945798,0.7504444018945798
35737,"",""
41941,0.9259573165686944,0.9546061374559327
60757,0.9624338759602784,0.9952227536000962
96787,0.9931849630599242,0.9931849630599242
67507,"",""
52627,"",""
66937,"",""
130777,"",""
43744,0.9905144672277593,0.9905144672277593
91477,"",""
126637,"",""
5707,"",""
8257,"",""
70555,0.9563299446298456,0.9903369146565005
68347,"",""
1477,"",""
847,0.9706705305129902,0.9706705305129902
58477,"",""
77737,"",""
70807,"",""
29437,"",""
26677,"",""
1387,"",""
32227,"",""
106027,"",""
111637,"",""
19537,"",""
97147,"",""
108577,"",""
57007,"",""
30691,0.9733203975422537,0.9952227536000962
89407,"",""
120997,"",""
57634,0.9926442024892229,0.9926442024892229
37054,0.41336551504807445,0.41336551504807445
64777,"",""
47497,"",""
86737,"",""
64087,"",""
45307,0.9767185353327401,0.9907453314477414
29287,"",""
16899,0.4245218847415222,0.946847285945785
37325,0.7471613057481219,0.9952227536000962
75246,0.4297380405582179,0.4297380405582179
34957,"",""
23731,0.9339205997018218,0.9339205997018218
15217,"",""
26497,0.9493068613946148,0.9952227536000962
23047,"",""
1806,0.45690795045397986,0.45690795045397986
16717,"",""
20527,"",""
92884,0.9583579337589825,0.9875764032738606
62377,"",""
83701,0.9796204821148716,0.9831374193776826
26287,0.7998800616043372,0.9126901851381958
91027,"",""
80701,0.9829690694819638,0.9942838533313981
64717,"",""
62407,"",""
31987,"",""
3011,0.4938664114934528,0.4938664114934528
10777,"",""
16027,"",""
130687,"",""
277,0.5919772031545267,0.5919772031545267
1123,0.41732532239737985,0.9937491581699864
14197,"",""
113557,"",""
129217,"",""
108037,"",""
80137,"",""
87265,0.4990731285213387,0.7882391798692049
102367,"",""
113944,0.6292098067580988,0.9541709902844543
9367,"",""
7567,"",""
93847,"",""
115054,0.8208928242758157,0.8208928242758157
29167,0.8442112427137866,0.8442112427137866
126937,0.9408613290586141,0.9952227536000962
88597,"",""
122977,"",""
118717,"",""
15977,0.436821608607208,0.436821608607208
116764,0.9952227536000962,0.9952227536000962
106267,"",""
81637,"",""
45457,"",""
49627,"",""
72427,"",""
119857,"",""
57577,"",""
58087,"",""
49357,"",""
11347,"",""
48667,"",""
111007,"",""
80677,"",""
89737,"",""
42127,"",""
20437,"",""
24214,0.9915942650969206,0.9945537781878135
112561,0.9927888018642844,0.9952227536000962
21547,"",""
73550,0.9831529739501282,0.9952227536000962
14617,0.4193212015255908,0.9929614752422667
4526,0.48279113967208614,0.9931744275028999
117604,0.9929821729011551,0.9929821729011551
122947,"",""
26317,"",""
77497,"",""
51427,"",""
84247,"",""
56947,"",""
101497,"",""
86107,"",""
73837,"",""
29257,"",""
4813,0.5116987097503426,0.5116987097503426
16417,"",""
127018,0.9800471866311214,0.9934775635560857
76657,"",""
107827,"",""
81547,"",""
19565,0.45728617725806525,0.459816855513025
3097,"",""
124477,"",""
79747,"",""
71827,"",""
49657,"",""
125557,"",""
72307,"",""
11467,"",""
106657,"",""
53827,"",""
100744,0.992579941639344,0.992579941639344
52237,"",""
29077,"",""
21097,"",""
6607,"",""
33667,"",""
69217,"",""
65977,"",""
131467,"",""
18907,"",""
75487,"",""
14107,0.9899397982563305,0.9899397982563305
30097,"",""
85054,0.4494745072733979,0.9255402584880327
28287,0.4085732454804371,0.4085732454804371
76687,"",""
33247,"",""
78097,"",""
7897,"",""
1357,"",""
59797,"",""
25717,"",""
118987,"",""
14797,0.9642216833778906,0.9642216833778906
16675,0.9367810346022339,0.9891300024856652
13628,"",""
68408,"",""
51248,"",""
18638,"",""
56798,"",""
11618,"",""
22268,"",""
25508,"",""
15293,0.9755225000862094,0.9871535285390562
78038,"",""
44648,"",""
78638,"",""
84968,"",""
92078,"",""
6038,"",""
41048,"",""
30038,"",""
75698,"",""
44198,"",""
66068,0.47395696182936314,0.47395696182936314
44048,"",""
20438,"",""
93818,0.9870403254488342,0.9896559551024358
28688,"",""
39878,"",""
1358,"",""
84188,"",""
29558,"",""
64178,"",""
3038,"",""
53285,0.9531925413359089,0.9531925413359089
20618,"",""
63878,"",""
79148,"",""
51458,"",""
86708,"",""
41495,0.9727961049861403,0.9923974099874597
16415,0.9952227536000962,0.9952227536000962
41828,"",""
49988,"",""
20588,"",""
30758,"",""
72038,"",""
7178,"",""
37118,"",""
90338,"",""
54938,"",""
32018,"",""
81908,"",""
45518,"",""
76718,"",""
29258,"",""
82778,"",""
20073,0.4255034166735707,0.4255034166735707
91208,"",""
39128,"",""
91532,0.9807936582588044,0.9891233041798274
67298,"",""
78308,0.9819735207938955,0.9876194874660417
65498,"",""
87668,"",""
22538,"",""
2648,"",""
49778,"",""
73028,"",""
10988,"",""
488,"",""
15218,"",""
66278,"",""
92468,"",""
4208,"",""
55358,"",""
80618,"",""
67418,"",""
40898,"",""
25445,0.9764900918246532,0.9764900918246532
72188,"",""
69008,"",""
56978,"",""
64997,0.8619610888769709,0.8619610888769709
68312,0.9948559438826364,0.9952227536000962
79658,"",""
1328,"",""
34358,"",""
848,"",""
79178,0.41907215294562244,0.41907215294562244
55658,"",""
87062,0.944325807524875,0.9919422951430936
8858,"",""
56408,"",""
39548,"",""
59918,"",""
23018,"",""
24848,"",""
65918,"",""
1748,"",""
30008,"",""
52115,0.9695791368680569,0.9733653583599653
62828,"",""
13928,"",""
45038,"",""
49088,"",""
3308,"",""
67778,"",""
1958,"",""
70778,"",""
4988,"",""
62108,0.971743805149415,0.9949515356095802
118299,"",""
131829,"",""
125169,"",""
52479,"",""
104469,"",""
27969,"",""
36729,"",""
37869,"",""
90159,"",""
10716,0.4557133433519689,0.6211196419706025
62949,0.6492616395055454,0.6492616395055454
76329,0.9866164131848659,0.9866164131848659
26799,"",""
29559,"",""
1086,0.7253581525434004,0.7253581525434004
74169,"",""
24337,0.9799484317129774,0.9918484705620987
93426,0.9948559438826364,0.9948559438826364
100629,"",""
73839,0.9944603479376668,0.9952227536000962
90393,0.9804250130623331,0.994697105264511
46779,"",""
71619,"",""
82479,"",""
51369,"",""
32019,"",""
102159,"",""
59499,"",""
22800,0.9821970409937085,0.9949054530888585
77499,"",""
86919,"",""
127569,"",""
104229,"",""
1359,"",""
120339,"",""
119769,"",""
67449,0.9885794055268914,0.9885794055268914
75669,"",""
2000,0.630506356255601,0.630506356255601
68046,0.9522030034616956,0.9522030034616956
32859,"",""
80169,"",""
122829,"",""
101349,"",""
63759,0.9873024361201928,0.9873024361201928
129729,"",""
102579,"",""
69009,"",""
110709,"",""
107199,"",""
105969,"",""
41619,"",""
23229,"",""
10560,0.7229074946812777,0.9849376750125535
92439,"",""
127599,"",""
59289,"",""
19380,0.4234457442376945,0.9833012551657081
81009,"",""
74109,"",""
108399,"",""
118269,"",""
111159,0.9863036936504723,0.9863036936504723
114699,"",""
49269,"",""
1749,"",""
129489,"",""
16299,"",""
57519,"",""
73869,"",""
85149,"",""
130569,"",""
55689,"",""
127119,"",""
24006,0.993073660382036,0.993073660382036
79809,"",""
15909,"",""
125799,0.9858344893742412,0.9858344893742412
13539,"",""
35559,"",""
12377,0.4292619974375754,0.4292619974375754
84009,"",""
105069,"",""
13648,0.42948615779686583,0.42948615779686583
1436,0.7509289004790383,0.9548814233137124
57699,"",""
9519,"",""
89289,"",""
111069,"",""
47979,"",""
105729,"",""
31629,"",""
106839,"",""
32949,"",""
108159,"",""
120069,"",""
49599,"",""
21429,"",""
89559,"",""
15385,0.526486316739897,0.9795083487812153
93729,"",""
112929,"",""
57603,0.7855563926056309,0.9952227536000962
76389,"",""
9219,0.9916580143240381,0.9916580143240381
104589,0.990300200029534,0.990300200029534
59229,"",""
50769,"",""
126669,0.9850123279766694,0.9850123279766694
62076,0.9281536995311692,0.9925288023066008
7837,0.4302525406421742,0.4302525406421742
106809,"",""
57279,"",""
22029,"",""
44526,0.9855343795481857,0.9927742648919292
56316,0.9927043314014512,0.9948696018728731
123489,"",""
68259,"",""
42909,"",""
121329,"",""
13809,"",""
25509,"",""
18429,"",""
34719,"",""
88449,"",""
45399,"",""
79689,"",""
125679,"",""
89739,"",""
12879,"",""
46389,"",""
74870,0.4129714228483341,0.4129714228483341
11991,0.5954085259673916,0.5954085259673916
79389,"",""
92350,"",""
22563,0.4962678868391701,0.4962678868391701
98554,0.8367085405502444,0.9881074896841605
2200,"",""
106660,"",""
10030,"",""
98680,"",""
43270,"",""
280,"",""
30130,"",""
49390,"",""
110020,0.9529125780592321,0.9940608965430068
66910,"",""
47500,"",""
101260,0.9948194079334803,0.9948194079334803
63964,0.9822778125347954,0.9822778125347954
55360,"",""
41230,"",""
91510,"",""
39730,"",""
110530,"",""
83710,"",""
62320,"",""
10150,"",""
64810,0.7956346419261545,0.9756663444821633
13360,"",""
122260,"",""
51994,0.7479381445233538,0.8065273689203775
102760,"",""
118510,0.9638276595102588,0.9638276595102588
132220,"",""
8941,0.5118185511105136,0.5318886195473443
97990,"",""
110320,"",""
95350,"",""
111460,"",""
85297,0.960026603677436,0.9606441575405213
10384,0.9928005519654538,0.9952227536000962
20500,"",""
74830,"",""
43330,"",""
6437,0.8414713735488182,0.8414713735488182
54670,"",""
44620,"",""
27520,"",""
88780,"",""
5200,0.4332161006546498,0.4332161006546498
39486,0.6326986314680084,0.9948559438826364
36280,"",""
73900,"",""
13600,0.46032768678053815,0.46032768678053815
53560,"",""
7390,"",""
99790,"",""
86140,"",""
39760,"",""
124570,"",""
55720,"",""
114940,"",""
106270,"",""
76810,"",""
57400,"",""
36399,0.4219650046908288,0.6416110999888347
8080,0.9753938177484416,0.984964219326937
123160,"",""
93370,"",""
125860,0.9941920190537672,0.9952227536000962
67600,"",""
17107,0.40807350474537396,0.9926902646039003
124987,0.9936030553871972,0.9936030553871972
54100,"",""
73480,"",""
68230,"",""
75334,0.9836691766841235,0.9867167972218525
125500,"",""
29296,0.47131193492909756,0.9912605709864506
122020,"",""
64960,0.9265878902081831,0.9511734655012531
72190,0.8302867341447475,0.9905279240364132
12280,"",""
74230,"",""
30400,"",""
93160,"",""
65890,"",""
62710,"",""
119770,"",""
57820,"",""
75691,0.8210533845663479,0.987607618882742
82717,0.9898702504491864,0.9898702504491864
56410,"",""
10120,"",""
115330,"",""
70300,"",""
62110,"",""
98290,0.9258573268170492,0.9849376750125535
14170,0.49066505114544956,0.49066505114544956
8230,"",""
24130,"",""
56680,"",""
97420,"",""
70,"",""
72970,"",""
61480,"",""
68890,"",""
4690,"",""
84367,0.8662052538502713,0.9204285850848916
2560,"",""
29830,0.9877921417461603,0.9952227536000962
64870,"",""
95140,"",""
67150,"",""
17890,"",""
119470,"",""
92380,"",""
9850,"",""
28210,"",""
13810,"",""
85600,"",""
62980,"",""
2436,0.4271547950198995,0.4271547950198995
37810,"",""
90370,"",""
35227,0.9952227536000962,0.9952227536000962
28000,"",""
36670,"",""
126130,"",""
31810,"",""
76600,"",""
124420,"",""
62050,"",""
31150,"",""
25360,"",""
10840,0.9937491581699864,0.9937491581699864
88900,0.7092233360366518,0.9952227536000962
81157,0.9835020367501437,0.9928999499140422
19903,0.4586846946626551,0.4586846946626551
106237,0.9891356835907431,0.9891356835907431
24700,"",""
70270,"",""
93277,0.9794602996832793,0.9794602996832793
117010,"",""
28180,0.9234151106610815,0.9234151106610815
70357,0.7612997572660979,0.7612997572660979
80050,"",""
36376,0.8202238712706773,0.9826550902517557
112360,0.9929318100825512,0.9952227536000962
37390,"",""
49930,"",""
31570,"",""
29770,"",""
71737,0.9612609983874794,0.9612609983874794
58270,"",""
79477,0.42310031269343856,0.9733653583599653
23351,"",""
80711,"",""
23552,0.7269420373273632,0.9334251979426708
80885,0.9233879421899726,0.9946393593037305
37751,"",""
12851,"",""
43991,"",""
89441,"",""
41171,"",""
19451,"",""
12248,0.9944375307692237,0.9944375307692237
9641,"",""
26651,"",""
27821,"",""
42968,0.9900180708016332,0.9900180708016332
60281,0.5416296138782363,0.7393552030246481
68312,0.9869982184458268,0.9948559438826364
7031,"",""
65291,"",""
15821,0.6383328509062016,0.9862154551907529
6131,"",""
15311,"",""
29321,"",""
15518,0.47926668277654977,0.9923334245134401
34571,"",""
9191,"",""
69041,"",""
82901,"",""
15791,"",""
76991,"",""
53291,"",""
8165,0.952854878822182,0.981138821011245
3011,0.42777565622066516,0.42777565622066516
57461,"",""
93011,0.98922301944813,0.98922301944813
41441,"",""
50861,"",""
2231,"",""
4691,"",""
25781,0.5017084457653489,0.5017084457653489
60851,"",""
58499,0.9100250105439301,0.9719178982091556
24761,"",""
93461,"",""
50231,"",""
63431,"",""
50771,"",""
39431,"",""
32021,"",""
52181,"",""
13301,"",""
69941,"",""
4541,"",""
7841,"",""
361,0.4952588183553671,0.5259106890544414
15722,0.9512945953241335,0.9662640444011884
13511,"",""
77681,"",""
52091,"",""
12398,0.9546861899383345,0.9920972148536904
66716,0.8408144393094915,0.9920155464253161
41318,0.91571799175122,0.9951591359829366
78041,"",""
17831,"",""
27071,"",""
39341,0.45467007253768404,0.45467007253768404
1120,0.41332736702561074,0.41332736702561074
22181,"",""
77291,"",""
52631,"",""
48581,"",""
22031,"",""
4211,"",""
3461,"",""
88511,"",""
126,0.40846547211532297,0.993965125192027
68381,"",""
57701,"",""
9251,0.4322340680402755,0.6613834515949316
48881,"",""
6226,0.9838917592959857,0.9895643431036474
34721,"",""
40961,"",""
27791,"",""
5741,"",""
53171,"",""
12011,0.8299883041164375,0.9952227536000962
72701,"",""
49781,0.9800240261756747,0.9821040453035286
63251,"",""
18286,0.7657174588249173,0.7657174588249173
92828,0.908780224386801,0.908780224386801
21101,"",""
40541,"",""
41382,0.9949210698774577,0.9952227536000962
22563,0.5960683217277177,0.5960683217277177
125799,0.9858344893742412,0.9858344893742412
67572,"",""
80832,"",""
64602,"",""
10902,"",""
9102,"",""
78162,"",""
36642,0.7628978198275118,0.7628978198275118
89382,"",""
9222,"",""
130632,"",""
114072,"",""
72492,"",""
20052,"",""
50886,0.9096047600882,0.9614745166282095
13932,"",""
125022,"",""
17112,"",""
18432,"",""
20829,0.9790959724078744,0.9790959724078744
13093,0.4628872529622112,0.4628872529622112
113982,"",""
60549,0.9271854778324494,0.9818070751644147
11412,"",""
105492,"",""
103302,"",""
108312,"",""
26622,"",""
129282,"",""
76995,0.5618477354473488,0.5618477354473488
106062,"",""
50202,"",""
17532,"",""
26262,"",""
93129,0.8951690840070229,0.9920815136777225
86562,"",""
38772,"",""
86712,"",""
20709,0.9804276678362543,0.9920200230235305
112242,0.9907707059926069,0.9907707059926069
79152,0.8820770017608505,0.9952227536000962
85902,"",""
57372,"",""
70902,"",""
51102,"",""
93642,"",""
94032,0.8582555491322649,0.9942053940014872
23232,"",""
14472,"",""
12012,"",""
73122,"",""
15219,0.9338015900389681,0.9742839279451443
75732,"",""
47875,0.7065421346913582,0.7065421346913582
43962,"",""
66342,"",""
64332,"",""
125742,"",""
125829,0.9577655056798929,0.9577655056798929
20172,"",""
128712,"",""
63342,"",""
41232,"",""
123852,"",""
74022,"",""
89262,"",""
129762,"",""
38892,"",""
57342,"",""
1213,0.5919571288731202,0.9899794386742751
78423,0.9732386934401038,0.988421098306559
1894,0.683812687948575,0.683812687948575
107643,0.9874845440182507,0.9952227536000962
65262,"",""
2322,"",""
33252,"",""
33792,"",""
74712,"",""
114039,0.9660823920605027,0.9660823920605027
90753,0.9910719712830135,0.9952227536000962
63282,"",""
3882,"",""
105822,"",""
59142,"",""
22212,"",""
111822,"",""
60213,0.5729248547855466,0.9864588058734041
13602,"",""
43062,"",""
17202,"",""
65202,"",""
66162,"",""
129372,"",""
30522,"",""
34362,"",""
84792,"",""
117462,"",""
111312,"",""
18972,"",""
77232,0.9329798376017365,0.98922301944813
54162,"",""
89412,"",""
63759,0.9873024361201928,0.9873024361201928
29082,"",""
113853,0.8350704276074833,0.9908809635232152
29142,"",""
25872,"",""
15912,"",""
95472,"",""
5472,"",""
37752,"",""
99252,"",""
65172,"",""
1233,0.9688752586628439,0.9952227536000962
25092,"",""
97332,"",""
69822,"",""
73692,"",""
51609,0.9733653583599653,0.9952227536000962
11742,"",""
131682,"",""
342,"",""
4272,"",""
29913,0.9831529739501282,0.9831529739501282
114102,"",""
86982,"",""
41043,0.758379596043406,0.9358565400161997
95262,"",""
129072,0.9933563207246595,0.9933563207246595
75819,0.9948058035317234,0.9948058035317234
122652,"",""
65232,"",""
111252,"",""
58632,"",""
67992,"",""
6064,0.6046937467194992,0.6046937467194992
54762,"",""
97872,"",""
106992,"",""
6685,0.6871544774104017,0.6871544774104017
35436,0.7038688531083025,0.8245527995170562
68022,"",""
122196,0.9780160276667886,0.9787862761160354
50952,0.9632037325045955,0.9632037325045955
21493,"",""
34183,"",""
20353,"",""
12673,"",""
113443,"",""
2558,0.6374181641454042,0.759260284729147
52933,"",""
62983,0.9952227536000962,0.9952227536000962
99214,0.9290045220250533,0.981138821011245
53314,0.7694850162380107,0.9938695080588035
64423,"",""
71947,0.9856111990608917,0.992076390329878
12313,"",""
127033,"",""
36733,"",""
5143,"",""
130453,"",""
32806,0.5209501819302651,0.5209501819302651
88120,0.9952227536000962,0.9952227536000962
11747,0.5991726541093809,0.5991726541093809
62773,"",""
74720,0.47655535396994847,0.9930944454260889
5372,0.6490121184969809,0.9495408786174845
11833,0.4196977908024202,0.4196977908024202
113863,"",""
44353,"",""
66223,"",""
73543,"",""
95263,"",""
104143,"",""
119503,"",""
105043,"",""
18397,0.4043646890913828,0.4043646890913828
59143,"",""
69043,"",""
67333,"",""
62713,"",""
3553,"",""
90850,0.8996065026460132,0.9303801860317347
120493,"",""
64003,"",""
130993,"",""
3321,0.4574414733480948,0.8627965592229456
42133,"",""
81583,"",""
113053,"",""
31243,"",""
33073,"",""
614,0.40067576107886455,0.988391616549045
6437,0.725154340135026,0.725154340135026
82573,"",""
114193,"",""
37733,0.7911757026649064,0.9881680495342553
58603,"",""
7627,0.8754360454497332,0.9291482714542002
117373,"",""
96253,"",""
83773,"",""
34153,"",""
50323,"",""
36373,"",""
132223,"",""
51793,"",""
40441,0.4523738151520787,0.9857878881793829
66973,"",""
113593,"",""
64240,0.7466129394810616,0.7466129394810616
117493,"",""
18103,"",""
110593,"",""
57433,"",""
37213,"",""
82210,0.9811501708096031,0.9811501708096031
7753,"",""
61333,"",""
27553,"",""
99640,0.9837632120484884,0.9887968398081644
132433,"",""
10783,"",""
59383,"",""
63643,"",""
4067,0.4425409159230816,0.4425409159230816
128743,"",""
120244,0.9691028554458614,0.9774101203605121
71863,"",""
1989,0.5111876470795754,0.8565242689076767
77803,"",""
43303,0.9793336946622435,0.9793336946622435
12523,"",""
28093,"",""
54523,"",""
44143,"",""
108787,0.9306136236119089,0.981138821011245
103903,"",""
18427,0.8376515706319256,0.9897460028527346
40603,"",""
33847,0.9814565106950913,0.9814565106950913
70423,"",""
124663,"",""
102073,"",""
129283,"",""
27643,"",""
109123,"",""
14683,"",""
63667,0.9945224573745476,0.9952227536000962
32113,"",""
101260,0.9948194079334803,0.9948194079334803
75193,"",""
81764,0.589708604771139,0.589708604771139
47383,"",""
41023,"",""
127714,0.9856276945609899,0.9856276945609899
41083,"",""
46033,"",""
62743,"",""
70393,"",""
43783,"",""
36583,"",""
90763,"",""
94540,0.7355178945010583,0.9952227536000962
61933,"",""
121783,"",""
34684,0.8759796468015815,0.9867593649390504
56173,"",""
104203,"",""
88963,"",""
53893,0.985380607466756,0.985380607466756
106840,0.9182216365675435,0.97986336494631
73633,"",""
75553,0.9854353387232004,0.9944983077977084
95353,0.9616548778662964,0.9930878195036098
97723,"",""
101017,0.9364781407903054,0.9952227536000962
39577,0.9760644069306417,0.9937807051809457
33493,"",""
4093,"",""
91333,"",""
131053,"",""
128983,"",""
60373,"",""
17707,0.970077637054889,0.9942238140515268
54913,"",""
10474,0.4184027504022988,0.4184027504022988
47834,"",""
64484,0.8120624731897949,0.8120624731897949
50804,"",""
7844,"",""
48314,"",""
32534,"",""
43334,0.9484103265604201,0.9789652259709519
72074,"",""
4184,"",""
56774,0.7096673016486849,0.9942838533313981
29564,"",""
39194,0.9070096082101432,0.9886523705269693
59174,0.9859991539331505,0.9859991539331505
41864,"",""
38954,"",""
43094,"",""
6794,"",""
74174,"",""
12074,0.9420168126256456,0.988855785310108
4574,"",""
30254,"",""
51491,0.9952227536000962,0.9952227536000962
65684,"",""
69284,"",""
63314,"",""
69614,"",""
68924,"",""
85154,"",""
80774,"",""
8442,0.7148943231877513,0.9941339650477837
16964,"",""
17084,"",""
14024,"",""
21524,"",""
45434,"",""
15914,"",""
38474,"",""
68384,0.9521867572499093,0.9952227536000962
38984,"",""
55154,"",""
9704,"",""
46814,"",""
18641,0.8346724320326986,0.8346724320326986
4424,0.6737502817791771,0.6737502817791771
53234,"",""
49871,0.977835972034402,0.9947209756762526
35981,0.981138821011245,0.981138821011245
67244,"",""
48914,"",""
25055,0.9853499354097717,0.99091022877802
16634,"",""
87944,"",""
80804,0.9227493255624537,0.9945263641454891
10244,"",""
42074,0.9670305672640684,0.995027741547401
11576,0.4011379776390982,0.9843826697419998
34754,"",""
52424,"",""
10994,"",""
71654,"",""
60164,"",""
1544,"",""
64154,"",""
76724,"",""
73904,"",""
91964,"",""
56204,"",""
13754,"",""
10484,"",""
6884,"",""
72824,"",""
72341,0.9659673028176033,0.9919598817536158
34484,"",""
88358,0.4620892799092125,0.7226594250763213
25994,"",""
3494,"",""
88334,"",""
13034,0.43465913052697297,0.43465913052697297
50294,"",""
25574,"",""
27164,"",""
76892,0.9366033649530704,0.9902570385699506
15704,"",""
6910,0.5650112826617333,0.5650112826617333
81164,0.7202118125709964,0.9952227536000962
92084,"",""
11114,"",""
1185,0.5799397588966649,0.5799397588966649
118005,"",""
61605,"",""
92805,"",""
38955,"",""
109962,0.9650068276840434,0.988413682643911
89145,"",""
7892,0.4009470437702633,0.4009470437702633
123645,"",""
12045,"",""
92505,0.9952227536000962,0.9952227536000962
63855,"",""
84105,"",""
9129,0.9358958218469222,0.984612307998419
97665,"",""
69705,"",""
4905,"",""
29505,"",""
25575,"",""
70875,"",""
3885,"",""
5445,"",""
27075,"",""
42252,0.9490872490062525,0.9490872490062525
66585,"",""
78795,0.9952227536000962,0.9952227536000962
116115,"",""
42945,"",""
70125,"",""
11835,"",""
74802,0.9855147482018703,0.9904311062376412
104715,"",""
72762,0.9921451029859142,0.9921989627336267
6445,0.47941688332902294,0.5285494136962094
72585,"",""
22683,0.7819214111211146,0.8983932599995345
108945,"",""
72045,"",""
120375,"",""
112899,0.9952227536000962,0.9952227536000962
1035,0.432823117847304,0.9904231067721868
129405,"",""
14859,0.41056743524464817,0.41056743524464817
129375,"",""
195,"",""
79272,0.8528877112598707,0.990145048844964
131445,"",""
104055,0.9702419196962657,0.9702419196962657
14535,0.47180354816416764,0.9901918127542898
112545,"",""
16605,0.4497306105148352,0.4497306105148352
40659,0.556744473112292,0.7990937271327276
19695,"",""
19586,0.43585667362886976,0.43585667362886976
38985,"",""
4067,0.5490510817592728,0.5490510817592728
66069,0.9599979043846004,0.9933677579237732
67245,"",""
107682,0.9916975038550923,0.9952227536000962
59445,"",""
42105,"",""
48255,"",""
12546,0.40925182827156587,0.40925182827156587
68055,"",""
7086,0.9742274260168731,0.9934183697321763
21015,"",""
60135,"",""
11985,"",""
77265,"",""
129792,0.7777214817643168,0.9952227536000962
87645,"",""
100362,0.9846675574596567,0.9867783269754753
61695,"",""
53025,"",""
14985,"",""
126945,"",""
46845,"",""
105012,0.9670039828753636,0.9849376750125535
109995,"",""
22490,0.5867526299803848,0.5867526299803848
126,0.5318143360867181,0.5318143360867181
16659,0.7384023969603642,0.9945804455872486
6699,0.6267953450295669,0.9916476960936541
37275,"",""
68679,0.5241410197187244,0.964504805753085
20445,"",""
31070,0.4994808423586613,0.9911519324840979
114885,"",""
2415,"",""
38175,0.9944971247915362,0.9944971247915362
55215,"",""
40485,0.9926847622430883,0.9926847622430883
9145,0.4253161393979363,0.44863032994200774
75615,"",""
106296,0.7740570496921615,0.9952227536000962
76305,"",""
20835,"",""
132135,"",""
110595,"",""
29025,0.5274872150771514,0.5931400025121213
84285,"",""
1815,"",""
17835,"",""
345,"",""
3555,"",""
4245,"",""
45762,0.48429760637146324,0.48429760637146324
3401,0.5011980935810952,0.9927383970345112
101715,"",""
5235,0.9952227536000962,0.9952227536000962
112695,"",""
56649,0.9811891087611264,0.9864995339052554
3945,"",""
34605,"",""
86496,0.9760229139722243,0.990288201795447
131415,"",""
127155,"",""
107955,"",""
56232,0.9952227536000962,0.9952227536000962
97995,"",""
57555,"",""
115005,"",""
45315,"",""
114255,"",""
61905,"",""
13689,0.8518803156962369,0.964492034948631
124785,"",""
31935,"",""
95445,"",""
38805,"",""
59235,"",""
122115,"",""
66165,"",""
107145,"",""
53115,0.9701091199742914,0.9948559438826364
75765,"",""
29685,"",""
131475,"",""
85965,"",""
86985,"",""
59295,"",""
9315,"",""
77409,0.9952227536000962,0.9952227536000962
30483,0.4350516558808966,0.5899567160792065
32235,"",""
85242,0.6687943425421714,0.991273886931284
116145,"",""
118725,"",""
131592,0.978872941358141,0.9805196799481819
8943,0.6346728933033259,0.6449345747733621
69042,0.9680086211087302,0.9680086211087302
68115,"",""
21225,0.9931454275047483,0.9947493589308589
108075,"",""
44865,"",""
10125,0.5291674745210249,0.5377136558544542
34065,"",""
83643,0.9805576426319503,0.9934442727322319
19785,"",""
117669,0.9135600200704318,0.9923974099874597
24825,"",""
13545,"",""
103126,"",""
49459,0.45090177283672256,0.45090177283672256
86656,"",""
66330,0.46801557484652545,0.46801557484652545
436,"",""
23236,"",""
94393,0.4070842322114551,0.9941177397556439
60586,"",""
28246,"",""
37267,0.8016373429341398,0.9934442727322319
20075,0.4041872788854944,0.4041872788854944
64606,"",""
54046,"",""
41866,"",""
93796,"",""
24736,"",""
43006,"",""
93856,"",""
77536,"",""
73666,"",""
54976,"",""
18646,"",""
56956,"",""
31876,"",""
71623,0.9952227536000962,0.9952227536000962
103666,"",""
92626,"",""
83836,"",""
38416,"",""
34966,"",""
60886,"",""
14596,"",""
60226,"",""
87256,"",""
15166,"",""
48826,"",""
76666,0.9807957787550495,0.9947826487625325
126076,"",""
37576,"",""
52876,"",""
25426,"",""
2236,"",""
110020,0.9526747265132992,0.9529125780592321
88936,"",""
14302,0.41518133482154357,0.41518133482154357
127633,0.9906048830663758,0.9906048830663758
5386,"",""
70123,0.9952227536000962,0.9952227536000962
55606,"",""
737,0.4041828669024892,0.4041828669024892
64066,"",""
36676,"",""
40366,"",""
119866,"",""
74356,"",""
5566,"",""
64996,"",""
48394,0.9865124043231652,0.9896835227115497
127966,"",""
101296,"",""
90436,"",""
23836,"",""
129796,"",""
100576,"",""
69256,"",""
101266,"",""
98290,0.9258573268170492,0.9398310808102688
68506,"",""
80866,"",""
123826,0.9889402778632468,0.9936109261068321
55306,"",""
124636,"",""
34456,"",""
11686,"",""
21226,"",""
71707,0.7634441967926157,0.9812222613693494
10936,"",""
111406,"",""
131413,0.9605057492801006,0.9872021338195044
93613,0.9646536418831476,0.9908545743375065
26716,"",""
81226,"",""
35446,"",""
15676,"",""
80626,"",""
91426,"",""
52486,"",""
81556,"",""
71830,0.9473505310288964,0.9473505310288964
56896,0.9259724745489762,0.9942505293407329
55966,"",""
71530,0.9571479839105804,0.9952227536000962
105826,"",""
18586,"",""
14146,"",""
10425,0.4042224828114492,0.7819684770871714
21136,"",""
20536,0.9899701718937624,0.9938656438586209
39886,"",""
87796,"",""
28996,0.942760087859361,0.9941711196619022
35476,"",""
67966,"",""
108550,0.9891356835907431,0.9899899668414485
79996,"",""
3064,0.9449309137764708,0.9733653583599653
76486,"",""
14086,"",""
42507,0.48765094674439546,0.9952227536000962
21886,"",""
82811,0.4022154528014706,0.4022154528014706
89476,"",""
35160,0.5017949674655685,0.9952227536000962
132556,"",""
53086,"",""
37000,0.7524142624440779,0.9478663768917531
80386,"",""
28780,0.977801065125595,0.9949109049845081
28696,"",""
81256,"",""
80506,0.9891356835907431,0.9952227536000962
131836,"",""
12736,"",""
15376,"",""
51196,"",""
98926,"",""
68446,"",""
9826,"",""
120826,"",""
50626,"",""
62470,0.9603842078238981,0.9851708664102163
19456,"",""
36586,"",""
5686,0.47325113263637153,0.47325113263637153
121246,"",""
29146,"",""
107116,"",""
12823,0.9476249561054769,0.9936109261068321
55186,0.9952227536000962,0.9952227536000962
346,"",""
11293,0.6464022971701471,0.6464022971701471
66016,"",""
4067,0.41047905615251484,0.41047905615251484
93406,"",""
81280,0.7477412670127215,0.9940141113486761
101053,0.9484320879743154,0.9911457621988602
62686,0.981138821011245,0.9895661266482731
98176,"",""
40606,"",""
68716,"",""
77986,"",""
91570,0.9821044668861639,0.9929162486677208
100243,0.974643492299601,0.9930641667401623
105916,"",""
4013,0.9733653583599653,0.9952227536000962
47116,"",""
103033,0.98764051382853,0.9927865602812597
12286,"",""
11446,"",""
12317,"",""
88637,"",""
42587,"",""
46304,0.9887096518325226,0.9887096518325226
5135,0.8843188128887886,0.9471104063852583
4217,"",""
46097,"",""
9172,0.6183638925050844,0.6183638925050844
387,0.5685635116146459,0.5685635116146459
3527,"",""
31907,"",""
41897,"",""
28847,"",""
79337,"",""
23417,"",""
11747,0.49507400065910323,0.49507400065910323
11807,"",""
56057,"",""
30377,"",""
46667,"",""
26057,"",""
77621,0.9926215731795515,0.9927326341289433
60167,"",""
74897,"",""
34685,0.9733653583599653,0.9952227536000962
54377,"",""
1307,0.9818524626465415,0.9818524626465415
26747,"",""
66467,"",""
31157,"",""
9531,0.7621034939613643,0.7621034939613643
45347,"",""
82757,"",""
41258,0.6767744749286346,0.9827375197995656
63017,"",""
19967,"",""
73877,"",""
25337,"",""
39227,"",""
69377,"",""
61217,"",""
87947,"",""
76097,"",""
67607,"",""
62417,"",""
54017,"",""
1667,"",""
4963,0.42892999455278286,0.47525624348213336
4945,0.4808213610217641,0.4808213610217641
3497,"",""
83687,"",""
34847,"",""
2717,"",""
11687,0.9936734116065394,0.9936734116065394
53777,"",""
31178,0.9221667808818034,0.9938774460869737
11177,0.7523180024781301,0.9881074896841605
91007,"",""
12011,0.7197689754639721,0.9385489893590955
22577,"",""
1765,0.5031981313233018,0.9898372449879133
19325,0.9429679613691208,0.9923780887281459
47207,"",""
74267,"",""
94007,"",""
60701,0.9412143064017071,0.9915698457333615
49367,"",""
60497,"",""
18578,0.9907453314477414,0.9952227536000962
76127,"",""
30587,"",""
54137,"",""
56987,"",""
34637,0.9812755650281201,0.9812755650281201
85277,"",""
36767,0.9454853777273827,0.9454853777273827
66317,"",""
78977,"",""
70817,"",""
33557,"",""
22547,"",""
20687,"",""
79577,"",""
42557,"",""
73007,0.8891852548260716,0.8891852548260716
76997,"",""
50987,"",""
58997,"",""
42977,0.9940770144838396,0.9940770144838396
86387,"",""
2957,"",""
394,0.4817348850451282,0.4817348850451282
94187,"",""
62477,"",""
23987,"",""
22367,"",""
85157,0.9725254907024514,0.9725254907024514
40157,"",""
92777,"",""
14129,0.4964667760718072,0.4964667760718072
26831,0.9472815161548207,0.993478550328787
23057,"",""
62777,"",""
8597,"",""
32,0.4068201647275414,0.5363795031807908
92658,"",""
5928,"",""
46488,"",""
43578,"",""
88158,"",""
128718,0.6725007766033231,0.9927742648919292
43968,"",""
1989,0.6809964250335031,0.9938656438586209
93288,"",""
17292,0.8914593115049212,0.9677249020414587
69078,0.9916848318025897,0.9916848318025897
96798,"",""
43458,"",""
61398,"",""
30978,0.9923123251601766,0.9923123251601766
57348,"",""
102858,"",""
61255,0.41669825914587594,0.9542278737366443
50838,0.9917773525834169,0.9917773525834169
83628,"",""
62418,"",""
99108,"",""
96948,"",""
86202,0.970904185181387,0.992908095203753
82698,"",""
21678,"",""
26358,"",""
95892,0.9835998375892244,0.9903172980594708
111648,"",""
101169,0.9744564628434373,0.980207419681141
93378,"",""
73488,"",""
96018,"",""
47238,"",""
27498,"",""
20028,"",""
105378,"",""
68388,"",""
3795,0.9930676807585843,0.9930676807585843
69228,"",""
99198,"",""
85788,"",""
72318,"",""
67338,"",""
19304,0.4596100555744729,0.4596100555744729
77358,0.9942322398449379,0.9942322398449379
30768,0.981138821011245,0.9870061647954927
25158,0.9952227536000962,0.9952227536000962
91158,0.8727952697924489,0.9887978997635618
20118,"",""
109638,"",""
121458,"",""
89958,"",""
70473,0.8814195999695951,0.9906652439071119
59388,"",""
8838,"",""
24318,"",""
27465,0.9952227536000962,0.9952227536000962
80508,"",""
60618,"",""
24948,"",""
8088,0.966396738256608,0.966396738256608
88998,"",""
46248,0.9633902602580111,0.9948714595228331
14535,0.4964120149536948,0.9938695080588035
43728,"",""
120648,"",""
56442,0.8311981290889379,0.9764018820750014
86238,"",""
77388,"",""
32838,"",""
26058,"",""
80478,"",""
91278,"",""
98178,"",""
117138,"",""
103338,"",""
32538,"",""
37308,"",""
4813,0.5854410538175978,0.6823567818368231
31878,"",""
11991,0.4785845299335644,0.4785845299335644
20088,"",""
86088,"",""
102798,0.9950075915489582,0.9950075915489582
53208,"",""
81378,"",""
39798,"",""
122268,0.9952227536000962,0.9952227536000962
128928,"",""
15892,0.4672287901347567,0.4672287901347567
62540,0.4220579158440514,0.4220579158440514
98778,"",""
63528,"",""
28038,"",""
98328,"",""
14145,0.9783983471846299,0.987005833731104
67638,"",""
76008,"",""
34308,"",""
112605,0.8913463025622217,0.8913463025622217
113148,"",""
498,"",""
27945,0.9897960475846077,0.9897960475846077
82398,0.43006394531758635,0.43006394531758635
6258,"",""
127329,0.7261546215085872,0.9865495612275659
16428,"",""
126,0.4213699813671887,0.7031024343584448
90288,"",""
19998,"",""
19308,"",""
50628,"",""
119838,"",""
5118,"",""
60904,0.4467340725601007,0.5433091863537213
4368,"",""
75978,"",""
47778,"",""
92778,"",""
49188,"",""
64608,"",""
67248,0.4581549624620319,0.4581549624620319
78288,"",""
110388,"",""
55908,"",""
95388,"",""
15438,"",""
14658,"",""
65808,"",""
103158,"",""
123735,0.8824362067508684,0.9937491581699864
88818,"",""
17358,0.41453039533394764,0.41453039533394764
62208,"",""
90588,"",""
52158,"",""
84288,"",""
85338,"",""
95562,0.9922892171666426,0.9922892171666426
44178,0.9651020000676793,0.9893337687195174
44628,"",""
38118,"",""
115455,0.4131129852399071,0.4131129852399071
73908,"",""
125898,"",""
100398,"",""
2316,0.855587155072589,0.855587155072589
111498,"",""
107058,"",""
115788,"",""
69018,"",""
32178,"",""
5034,0.48655579562518503,0.9897331757065597
79098,"",""
22308,"",""
42588,"",""
128868,"",""
5838,"",""
22188,"",""
113028,"",""
57948,"",""
74208,"",""
55875,0.9607919305923254,0.9925692031903125
90168,"",""
92928,"",""
72858,"",""
84072,0.994628297327799,0.994628297327799
44508,"",""
82878,"",""
34458,"",""
15408,"",""
3738,"",""
4155,0.983990821437241,0.993965125192027
29328,"",""
3558,"",""
28897,0.42751933386294666,0.42751933386294666
259,"",""
15619,"",""
55618,0.4389945748544181,0.4389945748544181
38599,"",""
1366,0.9949109049845081,0.9949109049845081
90469,"",""
2532,0.4933631401308518,0.4933631401308518
2629,"",""
45379,"",""
7099,"",""
59629,"",""
1120,0.4180124516289283,0.4180124516289283
62839,"",""
107179,"",""
115249,"",""
42346,0.9952227536000962,0.9952227536000962
121369,"",""
77089,"",""
58939,"",""
113689,"",""
43159,"",""
117739,0.9282796265340117,0.9952227536000962
43699,"",""
38359,"",""
98749,"",""
124666,0.9178912499416667,0.9178912499416667
108529,"",""
44419,0.9808734498470691,0.9940510622067503
95419,0.4548997283669486,0.4548997283669486
50629,"",""
16429,"",""
112879,"",""
110509,"",""
120409,"",""
21979,"",""
2540,0.9889706181697634,0.9932931739909694
27019,"",""
94699,"",""
17629,"",""
6829,"",""
32269,"",""
110899,"",""
37369,0.4086275726017505,0.4086275726017505
8943,0.8100690476703065,0.8100690476703065
99520,0.9691394710833429,0.9952227536000962
9019,0.990145048844964,0.990145048844964
52279,"",""
66529,0.9497399503261131,0.992040284137727
70639,"",""
97786,0.9725254907024514,0.9725254907024514
111679,"",""
86809,"",""
87679,"",""
126079,"",""
75049,"",""
116539,"",""
98389,"",""
129049,"",""
65389,"",""
129469,"",""
84049,0.993478550328787,0.9940510622067503
56116,0.9935719162811194,0.9951405408534864
57799,"",""
67879,"",""
55186,0.9952227536000962,0.9952227536000962
41535,0.9057490874475391,0.9057490874475391
126529,"",""
127369,"",""
68149,"",""
889,"",""
114406,0.7949890459832797,0.7949890459832797
26569,"",""
71541,0.4438066908806705,0.9421398800772863
61309,"",""
100243,0.974643492299601,0.9817805488196326
19459,"",""
58789,"",""
101779,"",""
99679,"",""
59149,0.9809945285372198,0.9809945285372198
120379,"",""
67429,"",""
101569,"",""
20599,"",""
127609,"",""
27829,"",""
33499,"",""
93439,0.7015473963767411,0.9610574729987114
22099,"",""
124519,"",""
4909,"",""
38659,"",""
126889,"",""
1759,"",""
131959,"",""
5359,"",""
58849,"",""
82429,"",""
23809,0.40069395793501034,0.40069395793501034
3319,"",""
26809,0.9391329508423049,0.9929852922883682
125869,"",""
115129,"",""
74809,"",""
40789,"",""
119899,"",""
45139,"",""
1729,"",""
113599,"",""
5773,0.9546314913465699,0.9952227536000962
33523,0.9805363435029364,0.9918543039666443
129259,"",""
62959,"",""
109069,"",""
59029,"",""
94099,"",""
118879,"",""
44509,"",""
10699,"",""
113440,0.9764385250023032,0.9826550902517557
65989,"",""
62059,"",""
63229,"",""
116239,"",""
111439,"",""
26599,"",""
27859,"",""
8029,0.4385995359241809,0.4385995359241809
78919,"",""
47503,0.9303842615457332,0.9932337443534933
55909,"",""
75529,"",""
10309,"",""
56839,"",""
11509,"",""
130459,"",""
1265,0.44925583479278614,0.571670130990794
132079,"",""
130153,0.4118885687921214,0.9948140657681395
23329,"",""
6109,"",""
35809,"",""
72079,"",""
94459,"",""
64810,0.7841508729093665,0.9756663444821633
52789,"",""
104179,"",""
79369,"",""
78349,"",""
6376,0.985773015980574,0.9903934059819789
48853,0.7069514552830604,0.7608805793770099
89719,"",""
26329,"",""
63589,"",""
23419,"",""
72619,0.9126315273475486,0.9126315273475486
25490,0.4313009117369817,0.9899175414351254
100309,"",""
66979,"",""
102649,"",""
57100,0.4473068870715548,0.9893183610641362
7126,0.9923958418221456,0.9923958418221456
76006,0.9928427874973395,0.9928427874973395
619,"",""
69739,"",""
30076,0.9288425398713045,0.9288425398713045
104086,0.8848808512830438,0.9914575608496101
32,0.4268245299945321,0.6739481633967128
30224,0.968077013318788,0.9841702837884672
16460,"",""
3140,"",""
69740,"",""
24740,"",""
76730,"",""
70520,"",""
84248,0.9809021019632586,0.9938647243311929
82310,0.43199572547587883,0.43199572547587883
90890,"",""
91760,"",""
51260,0.45770298322093217,0.45770298322093217
88190,"",""
3764,0.48843124982638053,0.48843124982638053
81650,"",""
56240,"",""
90707,0.9616095182114768,0.9790957581299357
77413,0.9896835227115497,0.9952227536000962
92150,"",""
94010,"",""
34517,0.983990821437241,0.993965125192027
31370,0.9952227536000962,0.9952227536000962
9590,"",""
37160,"",""
93650,0.9059671826140451,0.9059671826140451
17090,"",""
87050,0.9952227536000962,0.9952227536000962
45770,"",""
31880,"",""
35300,"",""
82250,"",""
81260,0.9675905400635666,0.9849376750125535
84680,"",""
59480,0.8662881826684836,0.8662881826684836
36050,"",""
80,"",""
10130,"",""
62540,0.4220579158440514,0.4220579158440514
75347,0.9354928641780972,0.9764900918246532
90260,"",""
61370,"",""
63950,"",""
28490,"",""
74390,"",""
6942,0.6612552086331981,0.6612552086331981
78710,"",""
48740,0.985773015980574,0.985773015980574
61220,"",""
20081,0.6134715275406311,0.9952227536000962
69440,"",""
56570,"",""
67250,"",""
30857,0.7585188148940953,0.9952227536000962
39740,"",""
89450,"",""
56810,"",""
68420,"",""
83927,0.4692650482217207,0.8116206882145864
93527,0.9871971567527428,0.9880810501664578
3440,"",""
6050,"",""
49820,"",""
66800,"",""
20174,0.9743268573843068,0.9743268573843068
6080,"",""
18980,"",""
55370,"",""
83180,"",""
13700,"",""
25817,0.9016883512213234,0.9235857642347768
53870,"",""
71801,0.9657494550085421,0.9657494550085421
32540,"",""
60647,0.9717823847597167,0.9852963621726096
32240,0.7682164660187856,0.7682164660187856
54560,"",""
69710,"",""
34010,"",""
57824,0.9898044870830179,0.9898044870830179
13550,0.9794338960966351,0.9794338960966351
89570,0.9866298923266723,0.9941260379004018
19520,"",""
52430,"",""
26147,0.9853754746358672,0.9853754746358672
5540,"",""
58400,"",""
39800,"",""
14900,"",""
13610,"",""
52550,"",""
24140,"",""
48140,"",""
88160,"",""
17570,"",""
69500,"",""
87650,"",""
20270,"",""
9550,0.626768522247556,0.981138821011245
67847,0.9952227536000962,0.9952227536000962
30350,"",""
65450,"",""
83054,0.9728618283973459,0.9905964164470961
102441,"",""
80211,"",""
35535,0.9170888108349092,0.957265681438098
52851,"",""
40731,"",""
125901,"",""
78411,0.9218749171752529,0.9952227536000962
22731,"",""
13491,"",""
17691,"",""
9702,0.9838468468922638,0.9900592205763161
86151,"",""
96141,"",""
130671,"",""
39351,"",""
1971,"",""
49461,0.4769282499619559,0.4769282499619559
110331,"",""
20121,"",""
129501,"",""
30315,0.9509199144105858,0.9862406268003899
10581,0.9952227536000962,0.9952227536000962
96021,"",""
102081,"",""
16038,0.9946354789169107,0.9946354789169107
42471,"",""
132501,"",""
6378,0.8535249715211212,0.9286877565088678
9789,0.505419462553053,0.9771679676142703
76468,0.9826540290954704,0.9952227536000962
24111,"",""
79881,"",""
76998,0.7239028950314903,0.7252038075221081
118161,"",""
41961,"",""
82548,0.9586294517135175,0.9586294517135175
5265,0.9952227536000962,0.9952227536000962
80511,"",""
951,"",""
84351,"",""
10161,"",""
22401,"",""
34401,"",""
32151,"",""
48081,"",""
98301,"",""
37251,"",""
97551,"",""
132291,"",""
103761,"",""
33891,"",""
72681,0.712204021840613,0.9930730086908407
42015,0.9799021995700871,0.9952227536000962
81531,"",""
91881,"",""
35940,0.4011992434797735,0.9952227536000962
25251,0.96565907412342,0.96565907412342
12675,0.9905934002865586,0.9952227536000962
107001,0.981138821011245,0.9939637320840942
55221,"",""
131592,0.978872941358141,0.9914437264104654
29390,0.437141885255858,0.437141885255858
113688,0.9745260928245024,0.9745260928245024
108111,"",""
97641,"",""
11841,"",""
45561,"",""
67371,"",""
49221,"",""
18981,"",""
112761,"",""
64131,"",""
57741,"",""
60281,0.5416296138782363,0.5416296138782363
123321,"",""
39681,"",""
70701,"",""
58371,"",""
61362,0.9484402035274321,0.9510440571332441
25671,"",""
4401,"",""
47541,0.9771729411611063,0.9917890519977172
55875,0.9656115425828173,0.9788849891623074
81171,"",""
118851,"",""
104601,"",""
79341,0.975469140159739,0.9800377734001431
41871,"",""
29451,"",""
111591,"",""
1005,0.9878304144011801,0.9914352581591838
5421,"",""
39411,"",""
94308,0.9797074780197258,0.9935265563731663
92391,"",""
126381,0.9753759138788252,0.9910157119755345
124221,0.9929447031128371,0.9929447031128371
76911,"",""
6711,"",""
83271,"",""
114021,"",""
93891,"",""
53331,"",""
48681,"",""
14865,0.9229977135241094,0.9813565919326588
39711,"",""
88101,"",""
14496,0.49951493780925293,0.49951493780925293
109068,0.9329993820952783,0.9329993820952783
70551,"",""
100401,"",""
38961,"",""
104511,"",""
73638,0.9930750981066655,0.9952227536000962
131841,0.9591015079288113,0.9591015079288113
117831,"",""
109041,"",""
76161,"",""
85371,"",""
91281,"",""
60831,"",""
114261,"",""
44841,0.9809368209705641,0.9906634321461948
4947,0.5545120643482645,0.5545120643482645
66111,0.8168538559201945,0.9922004219289372
40251,0.989501162081382,0.9935792654274104
387,0.5914693658439375,0.5914693658439375
30831,"",""
65181,"",""
59928,0.9770880363432594,0.9922892171666426
80421,"",""
67281,"",""
59868,0.46910258186434556,0.7444780917362043
51831,"",""
121071,"",""
100971,"",""
44178,0.887248296758835,0.9651020000676793
76941,"",""
21111,"",""
105531,"",""
33021,"",""
53928,0.9786757837655284,0.991273886931284
6681,"",""
96912,0.9213814236603044,0.9852952983157007
104811,"",""
6016,0.6641886439227185,0.9912924760257257
29931,"",""
90231,"",""
123651,"",""
90321,"",""
77727,0.42611139597620085,0.42611139597620085
120921,"",""
35295,0.9904184337670737,0.9904184337670737
6219,0.6245766394815652,0.9929094747243176
39261,"",""
86361,"",""
75741,"",""
114681,"",""
130941,"",""
58311,"",""
111622,"",""
120862,0.7871632790742583,0.9929318100825512
124156,0.9286169602293399,0.9819564369076655
108202,"",""
9240,0.5356543211715391,0.5356543211715391
88072,"",""
75382,"",""
43102,"",""
88852,"",""
37132,"",""
123622,"",""
102142,"",""
96772,"",""
103462,"",""
9382,"",""
59782,"",""
74212,"",""
49462,"",""
61642,"",""
91582,"",""
15877,0.9933442479911888,0.9933442479911888
46852,"",""
93412,"",""
77362,"",""
4702,"",""
122272,"",""
58762,"",""
29542,"",""
129562,0.9596000933673926,0.9596000933673926
31852,"",""
7702,"",""
122032,"",""
10522,"",""
7162,"",""
66262,"",""
2585,0.9921478618717209,0.9949109049845081
101152,"",""
2002,"",""
25792,"",""
106102,"",""
129592,"",""
78412,"",""
26929,0.4689929000355147,0.7468172958646394
13236,0.4310372766663982,0.45659414464318987
2992,"",""
38512,"",""
32032,"",""
84142,"",""
84622,"",""
100432,"",""
102232,"",""
84442,"",""
95566,0.9790530077085631,0.9929561808697575
13,0.4041474277314334,0.9952227536000962
101662,"",""
16349,0.4044075960653488,0.4044075960653488
17212,"",""
33982,"",""
19192,"",""
84412,"",""
58192,"",""
44332,"",""
88702,"",""
113062,0.9713351970278954,0.9952227536000962
1402,"",""
53752,"",""
38242,"",""
64282,"",""
2122,"",""
124072,"",""
71842,0.9546061374559327,0.9937558735415679
27772,"",""
37996,0.7619969984416324,0.926928087097724
101092,"",""
104992,"",""
10942,0.981138821011245,0.981138821011245
117412,"",""
106642,"",""
13732,"",""
124552,"",""
91912,"",""
71392,"",""
24802,"",""
59149,0.9809945285372198,0.9809945285372198
110182,"",""
10582,"",""
110032,"",""
48382,"",""
44746,0.9684277069853328,0.9900850340350941
48742,"",""
68242,"",""
77512,"",""
126532,"",""
131179,0.5451025384397169,0.6794499076082514
87199,0.9019767406242446,0.970414660557211
8662,"",""
60502,"",""
93472,"",""
6269,0.42602605733810767,0.42602605733810767
79942,"",""
9832,"",""
49942,"",""
22369,0.9952227536000962,0.9952227536000962
85252,"",""
91702,"",""
55132,"",""
11386,0.985587923761381,0.985587923761381
79330,0.7953416796931095,0.9952227536000962
52432,"",""
119779,0.9395298094007118,0.9395298094007118
9218,0.7151669292086094,0.7151669292086094
111202,"",""
1102,"",""
23632,"",""
123742,"",""
101062,"",""
102823,0.9125173116888158,0.917531673343826
59212,"",""
6172,"",""
21992,0.9126095920530151,0.9952227536000962
36862,"",""
88222,"",""
30532,"",""
38602,"",""
59902,"",""
15832,"",""
5032,"",""
9652,"",""
61222,"",""
130582,"",""
5452,"",""
12022,"",""
95422,"",""
130543,0.9623177298124975,0.9906313108723677
2512,"",""
107032,"",""
83896,0.9927888018642844,0.9952227536000962
82843,0.9650611505275356,0.9931287428809983
85582,"",""
97732,"",""
73942,"",""
71572,"",""
38542,"",""
31370,0.9952227536000962,0.9952227536000962
26513,"",""
59723,"",""
67343,"",""
20543,"",""
41843,"",""
24683,"",""
22913,"",""
73193,"",""
15923,"",""
79643,"",""
81383,"",""
19373,"",""
51650,0.7885796141643693,0.7885796141643693
77003,"",""
77663,"",""
31823,"",""
4673,"",""
23093,"",""
31943,"",""
2423,0.6815105838396294,0.9947454397456753
13103,"",""
8633,"",""
3863,"",""
683,"",""
73403,"",""
46997,0.9800107243543776,0.9800107243543776
34517,0.9799097669627681,0.9936378037877494
30263,"",""
66593,"",""
11303,"",""
54563,"",""
87239,0.4599347285759928,0.4599347285759928
10550,0.9692162879850118,0.9927246568725604
1493,"",""
54923,"",""
76043,"",""
22553,"",""
12443,"",""
47363,"",""
39113,"",""
78503,"",""
33830,0.9328482606627654,0.9506264829015694
82463,"",""
73253,0.45550977344337207,0.9952227536000962
52103,"",""
84833,0.9912124474460464,0.993965125192027
48563,"",""
34553,"",""
34043,0.4547435640812162,0.4547435640812162
58073,"",""
73211,0.6570272733733027,0.7807758559837645
75743,"",""
893,"",""
85823,"",""
71903,"",""
86693,"",""
28883,"",""
28103,"",""
59003,"",""
87893,"",""
9023,"",""
90803,"",""
45503,"",""
53243,"",""
47303,"",""
27233,"",""
15773,"",""
32873,"",""
29663,"",""
609,0.8621409280527007,0.8621409280527007
40403,"",""
92300,0.9587338976559429,0.9902963280511058
20813,"",""
26963,"",""
77903,"",""
68453,"",""
15143,"",""
737,0.6136585836044254,0.9875582947497271
31673,"",""
10301,0.9952227536000962,0.9952227536000962
33113,"",""
13013,0.9363253149065639,0.9937218274360483
24833,"",""
85223,"",""
54860,0.8693389596512937,0.9357977955407807
2843,"",""
89723,"",""
65273,"",""
62123,"",""
73463,"",""
26813,"",""
54293,"",""
74663,"",""
67523,"",""
84383,"",""
44243,0.9454853777273827,0.9952227536000962
81683,"",""
20901,0.9767949888522294,0.9938656438586209
74574,"",""
41064,"",""
50064,"",""
52764,"",""
90114,"",""
71034,"",""
77934,"",""
19903,0.45671487653829645,0.45671487653829645
77274,"",""
1743,0.43259023212076136,0.43259023212076136
15744,0.5633354119336011,0.5633354119336011
108594,"",""
107664,"",""
95844,"",""
98514,"",""
504,"",""
84084,"",""
48584,0.445930798303685,0.445930798303685
23364,"",""
110778,0.5404544002047462,0.9931298574397572
18798,0.814031768386578,0.9155449573285599
34566,0.4493012487981404,0.4493012487981404
34098,0.988114641475557,0.9907132647547975
86184,"",""
37464,"",""
4603,0.42285382928517207,0.42285382928517207
29934,"",""
6445,0.4558255013705069,0.466013331585201
98454,"",""
97884,"",""
108174,"",""
65364,"",""
21497,0.5229714988572006,0.693496970511637
110514,0.9944434176470683,0.9952227536000962
4284,"",""
101841,0.9464682395721346,0.9909507533393813
86724,"",""
75714,"",""
82914,"",""
9834,"",""
127644,"",""
32361,0.9687292720304491,0.9687292720304491
55368,0.991556566120905,0.991556566120905
32304,"",""
78354,"",""
80754,0.9936109261068321,0.9952227536000962
92991,0.981138821011245,0.981138821011245
44364,"",""
75354,"",""
51084,"",""
110304,0.42335682382138456,0.42335682382138456
60924,"",""
5291,0.40309429304218836,0.40309429304218836
93234,"",""
84474,"",""
74334,"",""
16254,0.9780298582589234,0.9780298582589234
28224,"",""
13824,"",""
66984,"",""
1734,"",""
12828,0.9719701270027169,0.9922464745813564
69204,0.4807678169427157,0.4807678169427157
774,"",""
70554,"",""
50982,0.9686552279292212,0.9936109261068321
35124,"",""
60384,"",""
33624,"",""
27084,"",""
12004,0.5246699713700974,0.5246699713700974
47334,"",""
23169,0.8781017654343947,0.8781017654343947
71304,0.5501310527078085,0.9952227536000962
109284,0.9932647530764683,0.9952227536000962
36594,"",""
33775,0.42701125734996254,0.42701125734996254
14129,0.4281922492400466,0.9948559438826364
123024,"",""
2034,"",""
24258,0.8655403486549405,0.9581448354141335
47391,0.4087904453999454,0.5344913629855769
44034,"",""
72594,"",""
115884,"",""
128574,"",""
95154,"",""
57834,"",""
23418,0.9700787512836992,0.9943079877049663
81954,"",""
101478,0.9681367480899609,0.9831279945408977
25824,"",""
2547,0.40743593686054363,0.40743593686054363
68994,"",""
26934,"",""
130284,"",""
125244,"",""
40845,0.9173061703493645,0.9818497963517954
119664,"",""
65304,"",""
72294,"",""
40224,"",""
106734,0.7612927688832319,0.9952227536000962
52614,"",""
83544,"",""
111414,"",""
69954,"",""
9624,"",""
2394,"",""
22014,"",""
86274,"",""
17634,"",""
80151,0.9551341188068422,0.9551341188068422
129504,"",""
114954,"",""
19794,"",""
62269,0.9626818859130473,0.9764304189159942
83934,0.8820587700426221,0.9937601237018558
31861,0.46610874367002914,0.6542479883572204
57744,"",""
26154,"",""
108984,0.9952227536000962,0.9952227536000962
45444,"",""
5291,0.6500524696857678,0.6500524696857678
53004,"",""
32244,"",""
63534,"",""
27144,"",""
75414,"",""
59814,"",""
122424,0.4382702601160765,0.4382702601160765
125094,"",""
103794,"",""
129534,"",""
85764,"",""
36894,"",""
4524,"",""
64908,0.9698502496488255,0.9785481388066981
24294,"",""
121704,"",""
101904,0.9942322398449379,0.9942322398449379
110694,"",""
104094,"",""
53781,0.9809403306104878,0.9896835227115497
120654,"",""
86415,0.5187857534829516,0.8789862809009231
105024,"",""
57294,"",""
1551,0.8962088040244347,0.9798878141804919
118224,"",""
18564,"",""
71085,0.8649085514483765,0.9040003363926623
21774,"",""
58464,"",""
15264,"",""
2766,0.4100002384275122,0.4961297844866843
25974,"",""
15954,"",""
103434,0.980787456136939,0.9949515356095802
52494,"",""
1213,0.9598168563934822,0.9941157773481643
85242,0.5656941204642967,0.75437831343893
61134,"",""
20448,0.984959219209498,0.984959219209498
103494,0.4167313972979216,0.5334801014245856
17001,0.9952227536000962,0.9952227536000962
52314,"",""
132984,"",""
21310,0.981138821011245,0.9952227536000962
62544,"",""
8752,0.9900592205763161,0.9900592205763161
27295,0.9660823920605027,0.988341305849436
47155,"",""
6016,0.5720821803643559,0.5720821803643559
19555,"",""
25996,0.9910587052276795,0.9952227536000962
21851,0.551795104690191,0.966737768303505
32125,0.5281623480234137,0.9952227536000962
87055,"",""
81172,0.9940608965430068,0.9952227536000962
110449,0.954819449319995,0.9941260379004018
70435,"",""
13675,"",""
109165,"",""
48685,0.9938681114563211,0.9952227536000962
71965,"",""
6775,0.9883816909925031,0.9883816909925031
97135,"",""
42625,"",""
92785,"",""
107662,0.6568333782246043,0.984569068764626
95215,"",""
70015,"",""
57955,"",""
89725,"",""
115639,0.8820405391283802,0.981138821011245
16885,"",""
25165,"",""
112375,"",""
5668,0.687739253547323,0.9660823920605027
93625,"",""
67165,"",""
81655,"",""
4135,"",""
34675,"",""
97675,"",""
92305,"",""
88345,"",""
30985,"",""
7492,0.9646046894349489,0.989256247335148
72385,"",""
76795,"",""
127015,"",""
24145,"",""
94975,"",""
40162,0.7831740743220658,0.7831740743220658
81775,"",""
92575,"",""
22170,0.5526926744930086,0.9852952983157007
109255,"",""
66292,0.9268667407873377,0.9949827953204265
65005,"",""
4945,0.9904206127318856,0.9949827953204265
99325,"",""
26215,"",""
38926,0.9408193732125133,0.9862915777098213
35891,0.8020031564221654,0.9860558708722982
130285,"",""
69685,"",""
83035,"",""
105895,"",""
15685,"",""
45502,0.9890029255748758,0.9890029255748758
77785,"",""
11210,0.40271426447206404,0.9808168402877165
21055,"",""
124465,"",""
60145,"",""
15115,"",""
41602,0.9943079877049663,0.9952227536000962
111385,"",""
64315,"",""
124315,"",""
81895,"",""
26392,0.7809494249401301,0.7809494249401301
82342,0.9722306673244672,0.9722306673244672
117925,"",""
25705,"",""
83575,"",""
75832,0.9573791714377521,0.9803313257765454
127825,"",""
66415,"",""
108775,"",""
73495,"",""
51475,"",""
51559,0.9364349467017153,0.9765226586137196
80905,"",""
24535,"",""
15655,"",""
110635,"",""
86845,"",""
15617,0.4058205845018489,0.9952227536000962
16495,"",""
2491,0.7061594872420532,0.7061594872420532
52855,"",""
77902,0.964257400572048,0.964257400572048
103495,"",""
1743,0.4003024210692405,0.6843831498807598
91999,0.9651784559975615,0.9859958305980346
59245,"",""
56215,"",""
5593,0.9737576873496094,0.9952227536000962
2217,0.5480375979064668,0.5480375979064668
103612,0.8126179348750132,0.9946393593037305
41305,"",""
18775,"",""
55195,"",""
35965,"",""
64015,"",""
117025,"",""
106915,"",""
6745,"",""
90205,"",""
61525,"",""
21712,0.47092390675521806,0.9849376750125535
48655,"",""
64001,0.6109770683096691,0.6109770683096691
74605,"",""
35365,"",""
71785,"",""
17395,"",""
63145,"",""
26785,0.9904960642198577,0.9904960642198577
90925,"",""
34555,"",""
93895,"",""
107005,"",""
109735,"",""
1525,"",""
21262,0.9912924760257257,0.9912924760257257
28585,"",""
76015,"",""
128635,"",""
119335,"",""
34165,"",""
12085,"",""
66235,"",""
88975,"",""
79706,"",""
91427,0.970364700618039,0.9886786860748727
71906,"",""
50486,"",""
16766,"",""
60596,"",""
75176,0.9941260379004018,0.9941260379004018
3416,"",""
60926,"",""
64916,"",""
8540,0.48154631355365535,0.48154631355365535
44928,0.4583935428553456,0.4583935428553456
94256,"",""
70316,"",""
58886,"",""
21950,0.9562363005514543,0.9909097565655545
77306,"",""
39536,"",""
16886,"",""
4376,0.5913355840729906,0.5913355840729906
38930,0.41041527676753164,0.9613703940964416
39806,"",""
20246,"",""
47336,"",""
43466,"",""
17012,0.4077593326570037,0.4077593326570037
43406,"",""
41276,0.9813086512759852,0.9952227536000962
77606,"",""
39383,0.9747753660622532,0.9862029499582372
66086,"",""
28916,"",""
8576,"",""
23486,0.9849376750125535,0.9938647243311929
5593,0.9943496884002215,0.9943496884002215
84026,"",""
9776,"",""
66326,"",""
53966,"",""
33206,"",""
13106,"",""
37466,"",""
10256,"",""
46463,0.9869828611125979,0.9952227536000962
75746,"",""
16736,"",""
48986,0.9936109261068321,0.9952227536000962
29786,"",""
44006,"",""
57956,"",""
83846,"",""
29066,"",""
56633,0.9863678132974809,0.9896835227115497
7406,"",""
4916,"",""
76946,"",""
58946,"",""
91616,"",""
40316,"",""
69116,"",""
16899,0.41386087198452165,0.41386087198452165
4406,"",""
36926,0.9860324862929245,0.9907968838392182
2423,0.9426515290806942,0.9427776572730865
75593,0.9817035850330785,0.9921306638241241
70016,"",""
32846,"",""
57206,0.9794471452118181,0.9941867021577184
49916,"",""
82436,"",""
43076,"",""
13346,"",""
82346,"",""
56876,"",""
22166,"",""
91400,0.9922395801052539,0.9952227536000962
58406,0.8620210884327922,0.9891356835907431
45806,"",""
16316,"",""
62576,"",""
60416,"",""
77966,"",""
3176,"",""
88217,0.9729068294267884,0.993965125192027
44516,0.9938656438586209,0.9938656438586209
17276,"",""
94016,0.9922468586291796,0.9922468586291796
13526,"",""
2186,"",""
23186,"",""
32066,"",""
41246,0.989424623433951,0.989424623433951
75056,"",""
73211,0.6733192012822221,0.9891230261028875
53906,"",""
54266,"",""
50306,0.9348740502732132,0.9348740502732132
76346,0.9027073896048053,0.9923067956702055
78737,0.9857484130768982,0.9952227536000962
863,0.47841496952395574,0.9838379230031021
90737,0.9738549986481286,0.9952227536000962
41666,"",""
82818,0.9922630500837517,0.9946354789169107
45747,"",""
9177,"",""
65517,"",""
128517,"",""
20624,0.5365972616309027,0.5365972616309027
1227,0.4156480636386317,0.4156480636386317
11157,"",""
25354,0.4616424371371241,0.4616424371371241
28047,"",""
177,0.983990821437241,0.9920605583085758
39567,0.9573456990239069,0.9949109049845081
119484,0.9913798073393066,0.9913798073393066
22587,"",""
60717,"",""
35457,"",""
117627,"",""
10134,0.8070999610869406,0.9656115425828173
91527,"",""
119547,"",""
132027,"",""
46815,0.8103755743400578,0.9033503524357792
16866,0.5007848485087846,0.5007848485087846
25317,"",""
64008,0.9939193065089128,0.9952227536000962
54897,0.991955220922719,0.9947717173483182
115407,"",""
67257,"",""
110427,"",""
24837,"",""
98277,"",""
62817,"",""
98757,"",""
54477,"",""
6423,0.4220862197329075,0.9947774419387929
119727,"",""
102027,"",""
40074,0.9092311159205732,0.974394707103546
113814,0.9794523957556096,0.9934127246760974
55587,"",""
97647,0.781342473694846,0.9936734116065394
130977,"",""
91737,"",""
129537,"",""
7647,"",""
129387,"",""
130818,0.8016956301136478,0.9009666347646614
100047,"",""
52947,"",""
69741,0.932643265677522,0.9888191882320795
1238,0.5503082707206305,0.9952227536000962
102207,"",""
97227,"",""
62007,"",""
33177,"",""
4095,0.9697782766838511,0.991955220922719
108897,"",""
83907,"",""
76467,"",""
125547,"",""
109527,"",""
94707,"",""
52497,"",""
123408,0.9570259538096786,0.98504229499254
58677,"",""
114957,"",""
70317,"",""
70707,"",""
88077,"",""
2157,"",""
107457,0.9849376750125535,0.9849376750125535
36027,"",""
93417,"",""
130557,"",""
118047,"",""
207,"",""
106887,"",""
8727,"",""
80577,"",""
99147,"",""
43227,"",""
124257,"",""
6219,0.511247489424004,0.9900592205763161
120597,"",""
104637,"",""
25047,"",""
18567,"",""
16676,0.42326288268220197,0.9833784140155971
70377,"",""
9557,0.8345724212881115,0.9945263641454891
19917,"",""
26487,"",""
92934,0.8907253588877813,0.9807026960614496
49707,"",""
71004,0.9952227536000962,0.9952227536000962
21027,"",""
92154,0.7061848285003318,0.9940437414908686
47937,"",""
114747,"",""
90627,"",""
72267,"",""
25377,0.9473505310288964,0.9473505310288964
62847,"",""
62967,"",""
12027,0.9952227536000962,0.9952227536000962
126717,"",""
88254,0.9670341186913743,0.9670341186913743
93951,0.6971478827676656,0.9952227536000962
12417,"",""
127887,"",""
45954,0.9934386688644132,0.9944657206725707
76875,0.8526414835953299,0.98544510855143
71907,"",""
79437,"",""
1123,0.5177679218157144,0.5177679218157144
125877,"",""
1199,0.9719564492107409,0.9927277340831918
57717,"",""
2532,0.4704972793431113,0.4704972793431113
57627,"",""
64044,0.9504141501045917,0.952854878822182
43617,"",""
123567,"",""
54957,"",""
71757,0.9896835227115497,0.9896835227115497
132357,"",""
83337,"",""
129954,0.6717254467185534,0.6717254467185534
1077,"",""
123597,"",""
78837,"",""
7742,0.4408581871186893,0.9237062703442983
98547,"",""
74787,"",""
116307,"",""
42957,0.8418883120463987,0.9850851331362681
100437,"",""
126597,"",""
113001,0.7634108124796442,0.9269865945734116
95727,"",""
48995,0.4974392294726993,0.541077679430218
86307,"",""
58377,"",""
36867,"",""
16399,0.9680629683653054,0.9906901207567598
94048,"",""
17248,"",""
26428,"",""
10811,0.9733653583599653,0.9952227536000962
116728,"",""
79888,"",""
82255,0.9695166039879985,0.9695166039879985
12868,"",""
92548,"",""
32668,"",""
28108,"",""
44678,0.43274423475505025,0.43274423475505025
83548,"",""
39928,"",""
110368,"",""
25198,"",""
108085,0.9944456077399445,0.9944456077399445
59668,"",""
13438,"",""
82978,"",""
44758,"",""
131845,0.9873361291341338,0.9873361291341338
142,0.9388271314453669,0.977399292352497
120598,"",""
90118,0.9613142380830131,0.9952227536000962
34198,"",""
92968,"",""
27288,0.7622466624944402,0.9931961513757916
89098,"",""
73288,"",""
8038,0.4036480387737537,0.4036480387737537
50128,"",""
20968,"",""
45988,"",""
81388,"",""
15977,0.43344668237166156,0.5491048517901947
127348,"",""
63748,"",""
40318,"",""
67738,"",""
99268,"",""
74698,"",""
23428,"",""
18532,0.8626428341370251,0.8841433408666962
73978,"",""
104818,"",""
70258,0.7524093549273573,0.7524093549273573
45208,"",""
14239,0.9900814031363531,0.9929278360024666
58228,"",""
66175,0.9934573687683663,0.9934573687683663
56698,"",""
128188,"",""
118786,0.8004935624253331,0.9426138486237325
8818,0.93008108828984,0.9952227536000962
52678,"",""
21238,"",""
52492,0.9874336499055081,0.9899180737250793
47758,"",""
55939,0.7717192501651408,0.8388463052349039
94828,"",""
88168,"",""
98788,"",""
34383,0.6567992294035,0.9952227536000962
58648,"",""
111298,"",""
75709,0.971665985158331,0.9952227536000962
44158,"",""
81808,"",""
57898,"",""
79408,"",""
3712,0.982189728456081,0.9921703143415593
120148,"",""
62428,"",""
102478,"",""
112768,"",""
35891,0.9106943343318634,0.9925692031903125
23338,"",""
85798,"",""
119578,"",""
105508,0.9896835227115497,0.9900445760521114
57952,0.4540930019858856,0.4540930019858856
10978,"",""
109048,"",""
22798,"",""
122158,"",""
87448,"",""
2635,0.7238128473281631,0.9793336946622435
8638,"",""
17758,"",""
69928,"",""
31888,0.45419583276363334,0.45419583276363334
128278,"",""
103438,"",""
43858,"",""
73498,"",""
131608,"",""
125668,"",""
7623,0.4256476708445955,0.4409867912930089
98188,"",""
114268,"",""
100258,"",""
7138,"",""
21419,0.40610324287550104,0.44045833813228835
114688,"",""
64798,"",""
10705,0.9026985427187951,0.9026985427187951
111718,"",""
19438,"",""
63298,"",""
96322,0.9721153838863021,0.9809578925865532
10438,"",""
19348,"",""
85978,"",""
4735,0.9936750677565157,0.9936750677565157
5593,0.9885536717179796,0.9909707543225671
9892,0.9946207768647507,0.9946207768647507
10497,0.4874922355411708,0.4874922355411708
66808,"",""
120808,"",""
5092,0.9452723152714196,0.9463545704933021
50698,"",""
80068,"",""
8428,"",""
118045,0.9397105822750894,0.9941920190537672
59848,"",""
3990,0.41489174490461234,0.4667098222300684
89872,0.9370353242919163,0.9908738968561563
29968,"",""
21388,"",""
111082,0.9223625454293868,0.9827641806464555
114178,"",""
128878,"",""
112168,"",""
107398,0.9761567793237941,0.9846079300237434
113398,"",""
121348,"",""
34348,"",""
37492,0.9519034190377027,0.9707128953630082
11576,0.503851089253544,0.503851089253544
103618,"",""
47452,0.9621822541292151,0.993172515220938
81898,"",""
2668,"",""
100588,"",""
59968,"",""
130258,"",""
128248,"",""
33412,0.5353684350238043,0.5353684350238043
70498,"",""
6507,0.4136037307256329,0.6493035986212079
49138,"",""
125839,0.9769393696724928,0.9952227536000962
6042,0.40315558614381275,0.7595488175944284
58975,0.9873810898308693,0.9947493589308589
3838,"",""
72478,"",""
73738,"",""
85918,"",""
3538,"",""
101038,"",""
114058,"",""
66388,"",""
130678,"",""
14873,0.5335402114797274,0.5335402114797274
57148,"",""
128428,"",""
31948,"",""
70288,"",""
115948,"",""
98728,"",""
123598,"",""
31768,"",""
99178,"",""
77878,"",""
58798,0.9209050095750616,0.9912168255702754
72779,"",""
28649,"",""
75959,"",""
67439,"",""
68549,"",""
13256,0.9784567048965064,0.989398050550313
46949,"",""
83039,"",""
25349,0.9758336076030614,0.9758336076030614
26069,"",""
91679,"",""
69119,"",""
69359,"",""
87329,"",""
93809,"",""
50759,"",""
2506,0.5499519376720554,0.5499519376720554
13439,"",""
18479,"",""
40139,"",""
66269,"",""
42413,0.8517998437741694,0.9714396118192102
385,0.570273468391875,0.570273468391875
78329,"",""
72689,"",""
18359,"",""
29849,"",""
83729,"",""
60119,"",""
5849,"",""
24029,"",""
39449,"",""
35489,"",""
64529,"",""
79349,"",""
42293,0.9343227871273432,0.9936544192016974
57626,0.9918756543936526,0.9918756543936526
22799,"",""
84239,"",""
51149,"",""
1894,0.5685326822993358,0.5685326822993358
53789,"",""
7559,"",""
79079,"",""
61079,"",""
16289,"",""
49739,"",""
12119,"",""
91079,"",""
36803,0.9692087465605235,0.9707114192821742
50579,"",""
5339,0.9930097191292755,0.9930097191292755
64229,"",""
64799,"",""
77009,"",""
60689,"",""
2473,0.41056513306773434,0.4816808398866872
90929,"",""
64169,"",""
84269,"",""
29459,"",""
14243,0.6027492902591923,0.797473711420686
449,"",""
24767,0.5036365937966346,0.8503084949855179
9659,0.7890146032201528,0.9938656438586209
885,0.44200284676878826,0.6530044945942695
62609,"",""
9449,"",""
83309,"",""
92096,0.9923328692784608,0.9923328692784608
16616,0.9441246912654554,0.9786058865171298
77279,"",""
25229,"",""
77159,0.9818497963517954,0.9818497963517954
38399,0.9885284472296344,0.9885284472296344
11369,0.48253226860648724,0.48253226860648724
1649,"",""
31259,"",""
31649,"",""
92579,0.9921319581968403,0.9921319581968403
26969,"",""
12449,"",""
15269,"",""
126,0.6687268510886258,0.6687268510886258
85889,"",""
34769,"",""
11609,"",""
19049,"",""
21449,"",""
24509,"",""
72899,"",""
65819,"",""
37109,"",""
18659,"",""
42986,0.9760570446435264,0.9902689614596737
22979,"",""
82979,"",""
11314,0.49297423685873853,0.989021723467026
70079,"",""
34079,"",""
28946,0.9650068276840434,0.9650068276840434
56759,"",""
48419,"",""
84389,"",""
5549,"",""
92789,"",""
9119,0.5013618088858031,0.5013618088858031
16979,"",""
91289,"",""
42899,"",""
71129,0.4137922195668669,0.4137922195668669
29519,0.4130267136304585,0.9411011726325997
46070,0.9812725709434689,0.9952227536000962
14699,"",""
