ltable_id,rtable_id,label
571,946,0
574,2423,0
250,2839,0
1162,2109,1
741,358,1
396,1253,0
513,989,0
892,951,0
1229,1595,0
510,2845,0
26,521,0
1272,2438,0
808,313,0
135,1886,0
93,2959,0
1334,3188,0
669,674,0
632,2112,0
113,3117,0
753,2524,0
709,1548,0
604,915,0
719,3106,0
646,845,0
371,3183,0
1182,2398,0
244,2803,0
587,2816,1
587,2474,0
562,3161,0
809,2585,1
1174,939,0
72,3110,0
953,1510,0
584,2518,0
797,357,0
474,3091,0
554,3009,0
851,2765,0
554,2501,0
588,1865,0
251,1715,0
804,2291,0
1118,355,0
791,3039,0
1138,894,0
1012,813,1
1186,2393,0
139,1865,0
550,2959,0
114,1036,0
773,1182,0
515,3048,0
774,533,0
1111,2839,0
49,2045,0
496,3093,0
490,1075,0
1242,1879,0
557,426,0
521,53,0
975,734,0
1176,2759,0
1148,3024,0
211,289,0
322,3032,0
271,959,0
268,3128,1
346,3095,0
138,1819,0
523,1169,0
994,828,1
518,3029,0
553,1564,0
225,3199,0
951,533,0
157,1135,0
1299,697,1
137,1758,0
355,793,0
1136,3185,0
1177,1163,0
571,3027,1
320,3063,0
518,3091,0
1242,1385,0
572,192,0
457,2622,1
40,2067,0
934,2999,0
736,367,0
990,2172,0
661,566,0
1242,1273,0
592,897,0
551,1757,0
763,3116,0
371,1514,0
1145,2816,0
105,3016,0
1098,1248,0
1246,199,0
918,2602,0
586,2112,0
1011,807,1
947,1685,0
369,2089,0
283,3106,0
1269,2926,0
412,950,0
741,2860,0
584,2818,1
925,2804,0
662,2513,0
1080,2011,0
1345,2757,0
378,2628,1
924,1118,0
649,69,0
522,2959,0
26,3019,0
128,1789,0
772,151,0
1272,1032,0
606,1183,0
858,1159,0
412,426,0
333,2524,0
371,1162,0
838,2209,0
1287,1033,0
635,403,0
1055,243,0
157,2503,0
593,371,0
955,851,1
512,2154,0
320,264,0
753,2206,0
586,2530,1
139,1763,0
923,897,0
93,1512,0
393,137,0
541,2837,0
1246,1236,0
613,3113,0
654,367,0
1176,2201,0
326,3,0
571,137,0
362,3099,0
3,1256,0
660,235,1
1266,2614,0
132,1640,0
804,2401,0
1284,3026,0
606,3160,0
837,2606,0
689,2932,0
44,3022,0
78,288,0
1111,127,0
1101,2889,0
1105,2161,0
944,1117,0
986,2130,0
95,1630,1
759,1949,1
1287,783,0
322,2308,0
146,2816,0
256,1774,0
274,3021,0
1158,912,1
378,2993,0
348,2165,0
1170,1085,0
737,955,0
175,2833,0
516,531,0
1264,2426,0
176,3022,0
1244,1319,0
1095,952,0
1013,3192,0
262,1122,1
348,1585,1
180,1542,1
382,2112,0
572,485,0
597,3161,0
497,915,0
157,744,0
250,362,0
1290,1048,0
827,2291,0
731,1475,0
917,2290,0
652,499,0
827,2471,0
965,2759,0
876,2473,1
1145,2877,0
516,369,0
223,82,0
79,3063,0
517,1180,0
781,1207,0
348,1643,0
823,2257,0
1289,983,0
734,2862,0
1293,312,0
114,1367,0
937,1708,0
531,1773,0
1279,3134,0
40,2050,1
781,2600,0
1185,313,0
859,554,0
616,3175,0
1305,891,0
1251,917,0
93,2867,0
92,1648,1
511,3175,0
516,897,0
1262,955,0
273,1253,0
991,260,0
705,204,0
229,352,0
532,1099,0
1145,3027,0
1282,2177,0
1199,3138,0
1283,496,1
1334,1612,0
781,2137,0
586,1036,0
490,1105,0
592,1564,0
258,2423,0
615,1146,0
987,825,1
571,3183,0
1042,1440,0
453,548,0
1111,1409,0
1008,2162,0
599,836,0
146,1014,0
138,1892,0
314,1447,0
654,2833,0
30,568,0
211,2423,0
273,3133,0
1275,2338,1
140,1804,0
1332,1584,0
731,423,0
851,2008,0
1268,2163,0
627,2048,0
860,265,0
1136,1192,0
512,2688,0
1038,2565,0
584,111,0
361,1678,0
1267,2829,0
29,1020,0
248,111,0
943,340,0
172,2334,0
1264,1183,0
139,893,0
225,2206,0
644,2850,0
225,2877,0
350,939,0
1246,1377,0
287,3089,0
49,2987,0
942,854,0
618,2998,0
827,2325,0
781,1162,0
1183,2166,0
1203,590,1
562,1213,0
519,1788,0
1336,677,0
1196,2987,0
1151,3219,0
1269,204,0
751,2710,0
1122,2020,0
740,930,1
592,893,0
274,2062,0
731,845,0
718,450,1
669,1115,0
541,2480,0
1349,430,0
1351,3110,0
1038,2544,0
536,1696,0
1072,2139,0
347,2457,0
364,3213,0
615,3188,0
506,946,0
636,2027,0
593,521,0
484,521,0
1322,1842,0
688,250,1
554,3048,0
26,183,0
524,1856,0
875,2462,0
424,2357,0
1264,1062,0
799,744,0
558,3021,0
476,1512,0
1230,318,0
372,311,0
521,286,0
90,2154,0
79,1762,0
532,1307,0
1353,2313,0
736,369,0
855,536,0
175,1485,1
1266,2442,0
614,1075,0
344,1881,0
547,2332,0
553,485,0
512,1514,0
181,705,0
298,946,0
389,845,0
297,1,0
646,3009,0
187,1830,0
531,1706,0
1059,3185,0
1130,99,0
897,352,0
309,2932,0
348,1120,0
760,2146,0
686,1021,0
512,2861,0
44,2143,0
543,3166,0
1326,2159,0
609,2773,0
1251,254,0
287,2616,0
641,545,1
645,375,0
804,2333,0
548,2472,0
578,2480,0
1334,1150,0
467,3163,0
1064,2011,0
484,2199,0
1230,679,0
621,289,1
250,352,0
73,3106,0
316,2489,0
196,405,0
1309,662,1
1145,3187,0
452,326,0
735,185,0
546,3213,0
900,993,0
808,1427,0
956,2288,0
1349,558,0
528,922,0
273,1265,0
1341,2313,0
457,2855,0
761,1163,0
1053,3132,0
577,3200,0
253,1933,0
518,2863,0
632,16,0
748,351,1
1092,2993,0
452,953,0
135,137,0
90,2828,0
605,3171,0
571,1473,0
255,3055,0
946,1441,0
333,25,0
1118,3188,0
1170,208,0
1145,1497,0
597,939,0
265,2839,0
497,3171,0
1118,1213,0
219,1709,0
1264,2420,0
578,2816,0
1146,927,1
1064,2032,0
322,216,0
903,1093,0
973,2214,1
773,1120,0
823,1159,0
632,2961,0
810,2586,1
605,2600,0
858,945,0
353,2871,1
415,2879,0
350,1017,0
465,2966,0
814,551,0
548,1477,0
678,2143,0
957,857,1
561,3134,0
1274,961,0
271,2816,0
229,1734,0
593,1213,0
738,1157,0
208,746,0
40,2108,0
443,134,0
902,2605,1
1272,2744,1
1078,2561,0
614,3194,0
772,324,0
1118,921,0
503,1774,0
1139,2197,1
320,3134,0
736,2372,0
592,338,0
271,3126,0
348,2818,0
580,3055,0
1308,3178,0
991,2501,0
99,838,0
1174,946,0
876,986,0
751,2476,0
1345,2909,0
396,1350,0
423,1207,0
890,1153,0
615,371,0
226,2466,0
380,1931,0
271,2867,0
276,260,0
382,369,0
608,2393,0
1021,1142,0
910,893,0
89,1616,1
797,996,0
875,2258,0
1148,3070,0
548,922,0
128,2673,0
820,2836,0
454,450,0
1242,1034,0
6,257,0
346,2624,0
276,2062,0
827,2496,0
271,2959,0
1176,795,0
334,3101,0
1242,199,0
1344,644,1
1293,2915,0
1108,2763,0
497,1686,0
924,3039,0
754,1190,0
364,2199,0
527,1696,0
642,531,0
627,2946,0
1167,376,0
1110,1157,0
1326,2048,0
1183,1177,0
645,1169,0
421,2382,1
1190,1955,0
514,2252,0
1078,2565,0
157,3138,0
1176,2154,0
465,1842,0
27,3060,0
811,2582,1
513,2153,0
389,2501,0
1318,3106,0
443,1169,0
474,2461,0
197,1841,0
490,915,0
465,3161,0
1170,2130,0
271,2818,0
895,1118,0
823,2441,0
839,263,0
1190,1427,0
1021,1332,0
620,2393,0
773,998,0
557,3017,0
672,1432,0
979,2222,1
1246,1068,0
420,2388,1
514,924,0
696,3108,0
935,2173,0
589,3154,0
429,583,0
1269,2920,0
27,2620,0
1167,907,1
731,2313,1
1269,2042,0
1153,874,0
661,368,0
1257,1427,0
537,304,0
910,176,0
559,338,0
879,2418,0
852,2853,0
1130,426,0
296,2968,0
999,1547,0
1175,926,1
469,2480,1
602,1017,0
146,1860,0
890,1475,0
523,2853,0
645,2600,0
208,89,0
753,2959,0
883,1678,0
271,1791,0
1130,182,0
431,3160,0
140,937,0
866,2199,0
541,3204,0
1175,304,0
1304,2329,0
212,3055,0
586,100,0
1122,2811,0
678,2062,0
571,2441,0
1198,2843,0
930,331,0
452,932,0
348,904,0
13,3082,0
346,2489,0
544,3160,0
233,3136,0
502,57,0
653,3202,0
571,955,0
382,166,0
746,349,1
382,190,0
1287,2402,0
92,2209,0
589,2367,1
139,254,0
431,53,0
90,1148,0
779,2030,0
93,2847,0
586,3060,0
1190,1183,0
332,1547,0
1287,107,0
1076,2067,0
827,2251,0
528,1307,0
662,1014,0
204,61,0
532,3080,0
1038,2589,0
1190,1433,0
1294,703,1
731,2143,0
419,2886,0
218,73,0
580,3063,0
267,361,0
65,535,0
971,1655,0
113,2867,0
711,2495,0
516,372,0
662,1789,0
1262,190,0
309,279,0
615,1842,0
1113,294,0
553,521,0
490,124,0
551,57,0
1019,2591,0
772,984,0
490,2848,0
642,452,0
662,1163,0
705,2008,0
471,145,1
140,3032,0
394,2864,0
1010,2379,1
371,1170,0
1330,263,0
579,2529,0
753,904,0
608,372,0
465,1564,0
625,2811,0
571,2959,0
690,2166,0
105,647,0
777,3099,0
625,2621,0
731,307,0
739,311,0
1145,1162,0
734,435,1
779,1080,0
356,2408,0
732,432,1
544,1497,0
97,1087,0
453,2060,0
208,1958,0
1271,467,1
865,2205,0
781,2480,0
615,897,0
903,2547,0
632,2818,0
124,2845,1
570,2232,0
722,2238,0
584,36,0
1020,2290,0
588,558,1
578,1007,0
205,44,0
264,3094,0
1225,1161,0
745,3127,0
72,3106,0
543,361,0
1272,2402,0
1115,562,0
229,700,0
1246,1279,0
1051,3007,0
566,316,0
804,1078,0
348,1182,0
647,311,1
678,3022,0
171,3091,0
1113,2881,0
514,3093,0
1148,2853,0
593,369,0
722,2370,0
1322,426,0
1119,383,0
437,2211,1
322,2791,0
380,2676,1
558,845,0
882,402,0
175,3060,0
443,2513,0
923,1213,0
618,2141,0
1085,985,1
512,1148,0
181,632,0
516,182,0
1078,2435,0
514,2959,0
1287,3026,0
546,361,0
609,3038,0
1322,75,0
779,782,0
587,904,0
587,1182,0
1293,314,0
944,1072,0
531,2959,0
910,91,0
348,1514,0
1334,71,0
516,946,0
543,750,0
287,1447,0
773,2833,0
1142,2201,1
1347,2133,0
1322,1612,0
368,2757,1
233,3154,0
140,344,0
661,1150,0
396,1099,0
1257,2044,0
480,3221,0
1085,1396,0
820,2096,0
614,3029,0
316,1190,0
556,1666,0
275,3106,0
518,946,0
857,2251,0
175,291,0
606,3183,0
1290,2744,0
689,3050,0
593,917,0
562,923,0
796,2521,0
1305,1129,0
620,372,0
547,3183,0
265,986,0
287,3172,0
1068,2018,0
324,2945,0
659,1204,0
967,2027,0
613,2894,0
616,2848,0
41,2043,1
593,3032,0
29,279,0
322,182,0
406,1240,0
608,452,0
1287,2432,0
1264,1035,0
157,107,0
1255,1090,0
1185,2490,0
417,2882,0
570,1378,0
1272,1033,0
751,2735,0
176,2143,0
756,341,1
225,3194,0
316,2162,0
32,3103,0
147,1925,0
1186,1213,0
1199,580,1
602,368,0
437,104,0
1177,3027,0
265,151,0
558,647,0
1064,2836,0
1176,2861,0
320,1099,0
1058,2069,0
620,355,0
1110,2108,0
755,536,0
816,1852,0
142,1838,0
587,2877,0
139,242,0
536,371,0
1226,652,0
837,923,0
890,647,0
457,2078,0
609,2516,0
453,3189,0
537,515,0
851,1026,0
1186,531,0
158,1911,0
1176,2314,0
1062,3219,0
614,1686,0
228,1828,0
773,1585,0
543,1595,0
506,915,0
1130,368,0
618,1734,0
571,2803,0
606,3190,0
225,3183,0
544,3126,0
27,2792,0
1143,3110,0
839,1595,0
781,2411,0
396,1265,0
93,2833,0
837,176,0
516,939,0
274,2851,0
348,286,0
1074,2002,0
1104,3127,0
1293,1188,0
541,2848,0
1333,629,1
1016,2072,0
208,107,0
736,190,0
892,369,0
163,1486,1
781,1652,0
1177,100,0
604,3187,0
827,1368,0
1322,558,0
543,358,0
1118,91,0
1252,902,0
396,3055,0
1350,595,1
504,426,0
823,2816,0
920,2558,1
689,279,0
822,2811,0
274,2143,0
570,2861,1
549,731,0
620,326,0
1333,993,1
588,1213,0
935,1173,0
574,1512,0
858,1514,0
431,375,0
556,1153,0
248,1643,0
273,1036,0
382,2308,0
482,116,0
592,2177,0
662,286,0
122,66,0
736,2671,0
1092,398,0
181,390,0
135,99,0
857,2496,0
511,2867,0
1118,257,0
604,1643,0
228,36,0
604,2847,0
837,3094,0
361,566,0
1171,1441,0
1317,3216,0
653,2061,0
54,1192,0
704,407,1
584,808,0
203,60,0
1146,366,0
139,2112,0
44,3023,0
348,1011,0
923,257,0
1053,2774,0
1282,1923,0
269,1473,0
135,3160,0
827,2390,0
974,2620,0
157,2807,0
1118,1865,0
951,1007,0
742,356,1
355,2489,0
298,3043,0
278,3110,0
575,3119,0
1148,448,0
710,3192,0
773,2877,0
662,1828,0
546,2807,0
584,2419,0
3,1280,0
869,1771,0
831,2767,1
1122,2852,0
270,2791,0
434,2233,1
866,2915,0
1190,2141,0
229,3003,0
1290,2468,0
654,1142,0
528,1124,0
642,151,0
851,2920,1
574,1170,0
823,2165,0
544,924,0
832,2768,1
844,2269,0
265,444,0
1012,159,0
599,647,0
866,3089,0
1148,2383,0
532,1036,0
511,2497,0
808,2490,0
562,902,0
248,959,0
1069,2049,1
229,192,0
689,659,0
1229,361,0
1170,1368,0
934,793,0
829,3155,0
548,2773,0
539,3080,0
991,2143,0
111,1692,1
250,355,0
184,2287,0
1257,2510,0
1195,1028,1
781,2847,0
881,2584,0
594,2199,0
456,2934,0
517,1732,0
620,324,0
1192,3141,0
30,2839,0
1287,2426,0
853,444,0
979,994,1
1321,2143,0
271,1095,0
1334,932,0
821,2136,0
271,904,0
1241,3162,0
376,2638,1
565,2112,0
1050,2345,0
146,1120,0
1078,2438,0
523,3093,0
960,377,0
990,2243,1
514,3175,0
970,2219,0
829,153,0
967,2830,0
956,806,0
1130,946,0
1139,2167,0
512,2616,0
866,352,0
1186,430,0
88,2112,0
1341,2501,0
1179,2821,0
176,2501,0
606,2600,0
823,2853,0
675,258,1
3,787,0
646,1655,0
90,533,0
627,3007,0
324,3007,0
600,515,1
1269,1039,0
515,1655,0
605,3190,0
862,2197,0
661,430,0
905,467,0
1179,896,1
572,923,0
636,2527,0
609,366,0
45,2869,0
946,2547,0
515,836,0
536,2606,0
316,268,0
257,92,0
827,3024,0
1281,1031,0
26,946,0
614,1207,0
256,1770,0
231,1912,0
604,2332,0
1198,3092,0
109,2851,0
803,3161,0
823,2847,0
538,995,1
788,2742,0
1284,2490,0
578,2850,0
157,750,0
753,1497,1
26,257,0
1287,1427,0
892,800,1
558,1475,0
614,3091,0
571,1162,0
616,2816,0
524,327,0
588,2393,0
1284,2161,0
814,3145,0
712,401,1
93,904,0
1001,2067,0
952,1844,0
542,1504,1
606,1207,0
1044,2540,0
67,1072,0
155,1893,0
944,741,0
516,1842,0
565,960,0
682,272,1
1266,1085,0
1322,960,0
501,2195,0
793,671,0
1118,1146,0
115,1685,1
572,3138,0
692,425,1
981,2501,0
605,3215,0
512,2600,0
490,3194,0
1229,444,0
774,1150,0
521,1968,0
287,1525,0
606,891,0
360,2856,1
1082,2053,0
516,192,0
866,3172,0
1263,458,1
897,372,0
1225,1059,0
698,414,1
1145,1170,0
536,1180,0
136,1888,0
1311,2956,0
361,1017,0
305,3108,0
145,2853,0
411,2872,1
467,2495,0
562,3077,0
1067,12,1
620,893,0
543,485,0
731,3023,0
516,371,0
316,1484,0
535,1930,0
1264,2720,0
876,358,0
731,2501,0
529,1600,1
1114,2264,0
761,1864,0
1275,1433,0
661,3161,0
943,3198,0
1028,575,0
1244,1066,0
123,1740,1
667,1422,0
772,371,0
1089,790,0
855,1816,0
208,744,0
1131,2390,0
736,3017,1
6,254,0
456,2550,1
578,2833,0
6,1675,0
145,2959,0
319,3108,0
1264,2490,0
393,1105,0
736,452,0
819,2527,0
546,2395,0
804,3024,0
91,1681,1
1145,1585,0
541,2195,0
593,426,0
606,1120,0
350,70,0
1139,2212,0
79,3033,0
109,647,0
1322,1017,0
88,1554,0
578,904,0
79,1171,0
1176,2684,0
1248,1065,1
35,2108,0
1196,875,0
597,1853,0
557,1678,0
1262,426,0
327,3114,0
24,2334,0
1284,204,0
1213,141,0
615,1853,0
785,2576,1
950,531,0
923,954,0
1055,3132,0
365,2849,1
981,845,1
641,2166,0
1148,3089,0
1232,2452,0
265,1792,0
924,2574,0
1196,1397,0
779,2573,1
377,1907,0
532,1136,0
1016,3062,0
1130,917,0
49,2060,0
517,1595,0
1105,2765,0
287,352,0
142,1809,0
649,3033,0
549,2275,0
753,2791,0
1080,185,0
1198,1402,0
541,2821,0
174,2865,0
274,2501,0
775,2860,0
1244,1061,0
838,734,0
269,1805,0
1167,337,0
1158,920,0
414,2138,0
520,1016,0
145,3160,0
597,2193,0
26,448,0
750,2850,0
350,369,0
607,2050,0
118,2287,0
214,132,0
1013,2565,0
480,2457,1
257,728,0
605,3029,0
30,331,0
317,3115,0
322,1696,0
605,1159,0
47,2045,0
753,2154,0
333,2792,0
218,3126,0
371,1159,0
821,2026,0
1145,2833,0
781,3027,0
605,1686,0
1037,1106,0
524,2755,0
224,42,0
312,373,0
518,1512,0
382,452,0
783,2173,1
558,3022,0
1079,997,1
646,2804,0
248,1858,0
586,2791,0
556,2313,0
602,1564,0
801,2602,1
506,3027,0
316,1907,0
551,1858,0
1230,499,1
851,1062,0
563,1901,0
557,352,0
548,2104,0
557,1213,0
578,3171,0
934,577,0
1190,2998,0
271,523,0
539,1253,0
591,2200,0
216,371,0
513,1093,0
1115,1080,0
1334,75,0
883,2308,0
225,2833,0
517,2607,0
1277,551,0
839,566,0
1139,2505,0
1020,2774,0
1328,547,0
333,367,0
244,1852,0
1279,348,0
1076,2093,1
558,2996,0
1186,558,0
1148,2616,0
543,3094,0
244,124,0
837,1564,0
632,808,0
12,3109,0
283,3108,0
452,428,0
53,3045,0
762,2123,0
1177,1007,0
496,2853,0
1239,505,1
738,2039,0
808,1039,0
588,923,0
642,371,0
528,1214,0
661,977,0
1127,2802,0
650,1171,0
1237,509,1
1322,917,0
773,915,0
113,1011,0
229,1722,0
944,2564,0
659,3039,0
1264,2920,0
1272,2926,0
604,3027,0
1005,330,0
558,2227,0
511,2518,0
604,1477,0
796,2181,1
511,1137,0
94,3106,0
681,1248,0
348,1010,0
586,3092,0
12,3171,0
993,1402,0
966,874,1
626,292,1
863,292,0
937,1785,0
779,2402,0
56,2121,0
1008,3095,0
29,403,0
105,423,0
420,3062,0
611,922,0
353,1140,0
355,1164,0
258,73,0
498,2055,0
309,2002,0
991,2804,0
753,3160,0
177,405,0
617,373,0
892,2791,1
90,2766,0
348,1636,0
313,2888,0
76,2275,0
333,352,0
26,2393,0
407,3116,0
562,326,0
532,264,0
1129,1355,0
145,3029,0
546,508,0
318,3088,0
1264,2421,0
853,902,0
105,2996,0
606,3060,0
888,332,0
1250,534,1
923,465,0
1101,2250,0
541,1512,0
900,147,0
839,324,0
1190,2510,0
279,2050,0
1115,792,1
858,2195,0
171,2474,0
423,998,0
1078,741,1
208,1834,0
685,629,0
1098,965,1
1001,2071,0
1175,2236,0
761,2803,0
265,953,0
12,1968,0
452,68,0
15,1485,0
1034,402,0
774,367,1
1284,2510,0
1005,3024,0
202,461,0
1272,1052,0
23,1157,0
1062,2063,1
106,2469,0
705,2399,0
518,2837,0
916,3110,0
1099,2289,1
523,3020,0
271,1137,0
606,3220,0
520,1307,0
971,836,1
243,1001,0
273,1402,0
284,208,0
608,430,0
1132,935,1
504,2372,0
561,2386,1
39,2029,0
271,2137,0
1169,1917,0
673,255,1
1264,1039,0
860,34,0
476,2464,0
705,2447,0
44,3014,0
642,358,0
1264,2765,0
359,2355,0
781,3215,0
883,893,0
516,1612,0
944,2081,0
1145,2206,0
526,3123,0
197,1818,0
550,1137,0
543,371,1
1115,2510,0
346,306,0
614,2821,0
157,2391,0
1258,2926,1
799,2615,0
15,448,0
918,1117,0
109,2143,0
79,1907,0
1290,1026,0
654,1497,0
1246,787,0
823,1182,0
438,2070,0
672,1240,0
323,3110,0
578,2863,0
372,2827,1
654,1083,0
490,2600,0
1287,2926,0
701,3152,0
1122,442,0
1353,647,0
804,2175,0
1305,2803,0
981,260,0
353,2307,0
642,2308,0
1105,2009,1
514,332,0
523,1643,0
402,1449,0
382,4,0
531,286,0
503,1101,0
608,324,0
570,2270,0
1258,2927,0
59,2822,0
1353,2804,0
6,2377,0
1127,2889,0
578,1001,0
610,2153,0
320,3034,0
1202,584,1
541,904,0
941,2263,0
543,923,0
238,728,0
659,1106,0
1072,770,0
1148,2620,0
1287,2082,0
779,1955,0
571,1129,0
271,551,0
1257,782,0
382,2393,0
109,845,0
547,998,0
511,1129,0
1085,912,0
950,372,0
3,788,0
255,3134,0
951,891,1
118,3070,0
1021,192,0
356,3105,0
511,3091,0
229,2998,0
1118,3161,0
250,192,0
615,254,0
1195,535,0
572,1017,0
586,1099,0
208,1735,0
118,3160,0
1341,2804,0
779,2438,0
1096,2460,1
1151,2063,0
548,2302,1
441,1060,0
88,1146,0
27,1485,0
1322,2112,0
264,361,0
511,1162,0
1031,763,1
1200,579,1
514,2419,0
579,2532,1
731,621,0
968,2517,0
266,2384,1
591,2911,0
950,2222,0
829,801,0
897,1853,0
350,984,0
220,84,0
528,1311,0
258,2112,0
597,1842,0
608,1564,0
1258,1342,0
505,1762,0
1019,3003,0
1195,1048,0
276,3023,0
1078,2044,0
1065,11,0
518,1014,0
490,3027,0
43,3106,0
633,644,0
586,3087,0
1078,2421,0
358,1131,0
859,1597,0
695,2608,0
1324,480,0
1088,975,1
1115,783,0
145,1182,0
855,189,1
274,1475,0
687,725,0
554,621,0
314,891,0
653,2044,0
611,264,0
412,977,0
348,2853,0
1069,3207,0
331,3044,0
662,1893,0
781,1075,0
47,548,0
910,99,0
831,3128,0
897,99,0
1321,2501,0
584,924,0
287,2363,0
1262,485,0
497,3204,0
1284,792,0
492,2818,0
448,179,0
258,137,0
460,2512,1
93,1095,0
439,2311,0
1185,1080,0
522,1182,0
573,381,0
522,998,0
1190,2720,0
895,3036,0
662,1773,0
505,2162,1
570,3209,0
284,2192,0
553,558,0
1160,2158,0
1247,516,1
1115,2720,0
361,946,0
808,2009,0
823,3175,0
981,3009,0
636,277,1
654,1148,0
1050,758,0
737,1595,0
571,998,0
737,508,0
94,1629,1
1145,915,0
158,986,0
1322,946,0
701,411,1
350,1678,0
1259,2039,0
57,2101,1
1019,1183,0
557,2112,1
389,832,0
128,2674,0
442,2180,1
1269,3026,0
171,1472,1
772,263,0
751,2502,0
109,2804,0
839,371,0
1021,1447,0
157,508,0
1353,1666,0
602,372,0
578,3183,0
1277,1031,1
580,1772,0
1232,1448,0
608,1763,0
601,2982,0
157,1738,0
546,371,0
1276,3055,0
557,911,0
558,196,0
632,2518,0
161,2982,0
6,533,0
883,911,0
316,2865,0
662,16,0
609,1136,0
546,3166,0
979,948,0
866,2141,0
523,286,0
308,3098,1
648,1583,0
1018,771,1
197,30,0
181,288,0
1151,2126,1
481,1178,0
1287,1035,1
525,237,1
935,2179,1
497,3199,0
883,369,0
779,562,0
808,2573,0
361,1842,0
935,3008,1
799,1947,0
1038,2339,1
516,1763,0
975,2214,0
1258,2765,1
523,2959,0
512,795,0
633,281,1
827,2167,0
606,2497,0
516,911,0
324,2056,0
674,2876,0
950,2288,1
772,2839,0
109,1666,0
1145,1105,0
527,531,0
10,1953,1
543,954,0
301,2984,0
783,2179,0
488,2415,1
265,331,1
587,1636,0
1246,1272,0
1242,857,0
1250,1607,0
497,2863,0
857,2505,1
616,3085,0
1290,2402,0
604,1137,0
223,1952,0
632,3160,0
1353,2996,0
826,2109,0
251,1137,0
753,2616,0
541,945,0
1145,2850,0
605,1163,0
1195,2926,0
823,2833,0
1316,618,0
799,2592,1
333,2199,0
270,2199,0
186,1497,0
975,2209,0
932,175,1
139,2393,0
1177,1010,0
803,1186,0
681,267,1
1329,3021,0
93,3109,0
1170,3155,0
1162,2171,0
958,263,0
930,352,0
1334,368,0
1019,1188,0
1187,2934,0
556,2804,0
517,1135,0
816,2423,0
572,338,0
96,1985,0
944,774,0
1118,369,0
463,1579,0
835,2914,1
1111,2852,0
1068,2108,0
264,1667,0
910,531,0
1326,2864,0
1287,2765,0
183,1,0
323,3106,1
536,263,0
827,2222,0
371,1473,0
1001,2093,0
875,2375,0
867,1039,0
1145,2195,1
1186,1678,0
661,893,0
468,2134,1
611,3133,0
198,732,0
738,1821,0
320,1138,0
597,921,0
711,251,0
1145,3190,0
836,2893,1
1322,2193,0
772,986,0
556,832,0
631,2203,0
521,1808,1
1334,1678,0
250,2792,0
645,273,0
444,2105,0
490,3171,0
851,2426,0
1022,1534,0
592,568,0
396,1823,0
146,1182,0
866,1734,0
287,3060,0
423,2364,1
1328,3151,0
1177,831,0
1095,966,1
958,1180,0
361,1146,0
851,204,0
1272,1035,0
94,3108,0
1097,1870,0
348,1132,0
498,2131,0
925,2062,0
907,2583,0
777,3106,0
518,1473,0
524,2680,1
660,2277,0
747,1021,0
690,147,0
403,2888,0
584,1861,0
284,3028,1
115,2983,0
910,923,0
452,25,0
799,88,0
412,521,0
763,953,0
253,2174,0
216,946,0
779,2100,0
738,433,1
874,1879,0
611,3034,0
941,3082,0
897,369,0
688,280,0
443,2419,0
112,1689,1
139,1146,0
212,1772,0
492,2112,0
693,2783,0
1045,3110,0
986,2238,1
253,1781,0
538,2911,1
1176,2685,0
1264,2273,1
267,2503,1
890,260,0
604,2497,0
946,2018,0
772,2860,1
1322,331,0
737,750,0
1110,2039,0
604,1828,0
1273,2473,0
124,2087,0
773,2518,0
572,953,0
394,678,0
1020,2835,0
1111,495,1
781,904,0
512,1011,0
602,521,0
618,1188,0
731,2062,0
995,2189,0
605,1636,0
109,832,0
971,1666,0
544,1169,0
963,751,0
511,342,0
648,537,0
803,953,1
76,314,0
412,430,0
228,1715,0
270,533,0
146,1207,0
90,1083,0
897,2112,0
481,608,0
1148,192,0
838,987,0
551,1631,0
139,1678,0
113,1075,0
371,3027,0
270,448,0
1264,3060,0
593,485,0
781,3171,0
618,291,1
431,1011,0
780,3039,0
519,2423,1
1287,2490,0
614,1001,0
1286,2739,1
1186,3188,0
1293,1734,0
44,2804,0
1037,769,0
1022,2824,0
737,3094,0
865,2167,0
26,182,0
985,3110,0
1220,559,1
897,1213,0
27,2307,0
571,1478,0
1053,772,0
599,2804,0
1308,2302,0
506,606,0
609,1138,0
1061,2226,0
575,3106,0
313,3067,0
1337,651,1
157,1904,0
225,1075,0
1115,3060,0
771,2002,0
1349,917,0
597,984,0
737,2607,0
5,2538,0
282,2072,0
1349,368,0
987,460,0
531,16,0
35,2283,0
1282,326,0
1329,3009,0
875,1027,0
991,3023,0
956,2222,0
44,1475,0
560,1631,0
208,1907,0
570,831,0
1101,2198,0
705,3089,0
804,2599,1
672,1519,1
361,3188,0
874,1068,0
570,2001,0
998,2064,0
883,1213,0
989,1226,0
605,1075,0
532,2516,1
510,2087,0
139,331,0
1190,3026,0
1087,1787,0
541,915,0
128,1573,0
1139,2496,0
817,400,1
1008,1171,0
675,1168,0
1151,2801,0
678,621,0
199,65,1
135,2853,0
450,2138,1
602,257,0
1064,703,0
1076,2039,0
1262,946,0
963,869,1
302,359,0
508,1150,0
516,921,0
866,891,0
157,1733,0
92,2219,0
614,3183,0
1130,452,0
1310,663,1
541,1162,0
997,1818,0
897,354,0
1020,773,0
944,2276,1
1264,783,0
279,2039,0
1221,2181,0
1139,2251,0
1341,423,0
176,3023,0
1173,899,1
1065,1629,0
1225,2772,0
481,1917,0
278,3106,0
465,566,0
44,3048,0
1130,984,0
1032,648,0
1136,241,0
837,1213,0
614,2480,0
213,129,0
211,998,0
541,2816,0
174,1534,0
1039,766,1
522,1686,0
396,3134,0
1168,2169,1
586,2199,0
946,2050,0
897,2671,0
1115,2400,0
1329,2062,0
1241,3038,0
753,2137,0
541,1014,0
736,371,0
528,1253,0
947,964,0
808,2044,0
890,196,0
1196,833,0
910,430,0
443,3109,0
28,2000,1
531,3160,0
852,1447,0
521,1014,0
604,3126,0
839,1732,0
823,915,0
1022,1210,0
590,2799,0
465,1150,0
827,2599,0
1078,2717,0
465,182,0
736,521,0
571,1748,0
265,358,0
737,1135,0
114,1253,0
15,3003,0
957,1879,0
600,2115,1
12,1163,0
892,531,0
571,2518,0
1319,683,1
1130,923,0
947,3158,0
824,2871,0
248,3109,0
1246,1260,0
348,924,0
67,3167,0
1329,307,0
541,2364,0
93,2137,0
1266,1089,0
1059,919,0
1010,1114,0
431,1014,0
608,368,0
890,1666,0
1052,2982,0
570,2271,0
991,307,0
601,3221,0
1276,1099,0
858,2464,0
827,2198,0
578,1182,0
708,404,1
572,151,0
973,1648,0
454,2136,1
574,998,0
1190,2468,1
271,36,0
1001,2339,0
135,1763,0
629,275,1
1014,2835,1
1275,2420,1
804,2182,0
264,986,0
1120,942,1
1059,329,0
518,1497,0
932,2915,0
891,2852,0
517,263,0
316,1583,0
512,1132,0
535,1822,0
1326,2757,0
490,1497,0
524,495,0
123,506,0
589,3092,0
1266,2452,0
1321,3048,0
1130,369,0
1004,3209,0
1299,3106,0
648,3144,0
1269,2402,0
1244,199,0
1064,2026,0
944,2079,0
82,234,0
1284,1052,1
1257,2960,0
291,2964,0
1207,538,1
839,2607,1
371,3204,0
823,2137,0
683,775,1
1145,904,1
823,1010,0
346,1171,0
78,234,0
12,3194,0
657,632,0
350,254,0
1145,2600,0
933,3108,0
823,2316,0
761,137,0
76,3003,0
991,2996,0
521,1864,0
547,2848,0
531,36,0
615,192,0
1262,331,0
1345,2864,0
584,2441,0
216,358,0
1279,3162,0
876,2860,0
1306,705,1
1251,242,0
561,3055,0
264,902,0
951,367,0
204,1797,0
548,122,0
1257,2161,0
971,2143,0
504,2199,0
386,2954,0
575,3069,0
1105,204,0
88,99,0
808,2926,0
1118,953,0
446,2101,0
910,897,0
574,3175,0
238,1962,0
946,433,0
431,1633,0
1289,1178,0
1080,2073,0
960,982,0
506,430,0
47,2060,0
587,3175,0
12,904,0
557,216,0
604,2818,0
174,1583,0
270,3214,0
517,371,0
267,371,0
1148,3214,0
225,1010,0
897,1612,0
16,1976,0
118,1525,0
571,1137,0
6,168,0
1252,508,0
45,2862,0
620,568,0
883,2372,0
934,397,0
49,2862,0
1234,2593,1
225,2821,0
938,3110,0
224,81,0
365,3106,0
286,3152,0
1175,2158,1
247,1799,0
524,1418,0
774,168,0
94,3119,0
593,430,0
449,2149,1
584,2837,0
883,91,0
135,2833,0
445,2008,0
508,314,0
768,2092,0
1246,1290,0
930,371,0
678,1475,0
561,3092,0
1104,2906,0
282,2862,0
955,892,0
1110,1437,0
559,1017,0
270,314,0
887,2091,0
814,3162,0
883,921,1
827,957,0
497,3215,0
1242,1068,0
465,946,0
1353,3048,0
587,2518,0
1325,677,1
795,2594,1
924,2553,1
722,3167,0
1262,897,0
309,3102,1
1001,1115,0
949,890,1
1017,1623,0
1163,909,1
232,2878,0
559,1564,0
686,248,1
1145,2165,0
837,192,0
129,2689,0
797,316,0
371,2441,0
1246,1300,0
900,252,0
26,371,0
200,66,0
1145,1159,0
274,3014,0
199,1717,1
851,3060,0
751,347,1
781,2816,0
26,580,0
967,2153,0
1074,251,0
218,2818,0
225,2480,0
827,2401,0
515,1666,0
546,1595,0
662,1715,0
903,989,1
543,897,0
763,338,0
522,1001,0
1148,3060,0
258,1163,0
76,1150,0
798,1690,1
851,2447,1
570,2412,0
867,1427,0
736,531,0
1338,2908,0
490,2518,0
1118,917,0
634,250,0
465,1865,0
501,2165,0
1145,831,0
1021,312,0
837,1151,0
678,3048,0
753,831,0
541,1275,0
778,2574,1
768,966,0
763,2993,0
244,1864,0
823,1105,0
725,440,1
441,2928,0
866,1129,0
614,1652,0
638,495,0
311,3104,1
87,3204,0
496,1643,1
222,2190,0
489,2422,1
105,3014,0
858,1137,0
983,821,1
1114,2922,0
522,3194,0
574,3204,0
548,2122,0
557,369,0
678,2996,0
1103,1440,1
605,3091,0
784,952,0
432,1049,0
578,1207,0
541,2850,0
773,2850,0
948,2054,0
257,1709,0
820,1561,0
543,372,0
736,430,0
1087,223,0
1001,2102,0
777,3110,0
1038,802,0
494,810,1
910,426,0
958,639,0
382,2473,0
866,3060,0
751,1167,0
1145,3183,0
272,2292,0
484,1900,0
571,904,0
605,2206,0
1190,2927,0
981,3023,0
225,1095,0
371,2600,0
1242,1319,0
735,2836,0
586,3055,0
916,2557,1
591,265,1
686,2617,0
382,960,0
585,2656,0
606,1163,0
632,959,0
225,2816,0
1072,2587,0
1341,3023,0
808,2061,0
776,376,1
355,3144,0
1174,1564,0
1001,741,0
1329,2313,0
91,1644,1
266,2656,0
186,441,0
198,3060,0
993,3092,0
543,986,0
541,3175,0
607,456,0
499,1737,0
722,2175,0
174,2824,0
597,3188,0
1192,2815,0
389,196,0
544,1159,0
548,3025,0
346,305,0
371,3215,0
971,3023,0
541,1207,0
1008,2624,0
606,1585,0
382,2372,0
348,2195,0
905,166,1
1055,2986,0
918,1074,0
93,1159,0
615,521,0
892,580,0
1190,782,0
897,91,0
642,465,0
565,3188,0
90,1701,0
631,2532,0
412,1763,0
669,1181,0
1353,845,0
753,1011,0
1344,281,0
736,2308,0
146,3091,0
565,99,0
258,777,0
371,2816,0
892,2199,0
287,1446,0
620,921,0
522,3215,0
1022,1164,0
779,2669,0
1273,324,0
1253,2636,0
1103,2933,0
1127,1368,0
556,307,0
606,1162,0
539,3007,0
588,1612,0
897,893,0
1251,946,0
517,1713,0
579,2203,0
557,1763,0
1001,2517,0
614,904,0
251,2837,0
543,508,0
832,1364,0
412,369,0
1314,654,1
892,326,0
174,2624,0
64,2826,0
320,900,0
512,2524,0
359,2096,0
157,736,0
486,1580,0
327,405,0
1244,1034,0
35,433,0
616,1137,0
512,1886,0
274,423,0
1160,2255,0
312,173,0
248,1961,0
1251,430,0
761,1852,0
942,878,1
559,954,0
88,2393,0
318,2963,0
589,3034,0
917,243,0
838,2214,0
571,3194,0
348,2850,0
80,1579,1
959,861,1
443,1137,0
276,196,0
584,273,0
1024,2421,1
1022,1907,0
616,959,0
1099,1420,0
465,176,0
974,1166,0
1195,2765,0
522,2848,0
525,972,0
1317,318,0
195,3170,0
1198,1311,0
1078,204,0
852,3060,0
1265,470,1
1185,792,0
571,2816,0
1329,2996,0
353,2620,0
518,3204,0
948,2282,1
1272,535,0
528,2843,1
1206,3098,0
41,1128,0
404,300,0
981,2143,0
515,647,0
606,1001,0
616,273,0
267,986,0
547,2821,0
858,2480,0
561,3200,0
88,1865,0
958,371,0
642,3019,0
723,441,1
497,1473,0
684,244,1
263,1723,0
577,900,0
93,2441,0
225,3091,0
1162,2130,0
1258,783,0
90,1026,0
971,3021,0
678,3016,0
118,1188,0
79,1534,0
531,1011,0
504,372,0
541,3091,0
474,2821,0
642,2377,0
747,353,1
6,430,0
383,3106,0
1020,2987,0
547,1075,0
484,2503,0
1246,284,0
1113,994,0
575,3099,0
1073,990,1
265,521,0
958,2444,0
823,2867,0
333,2839,0
787,1434,0
1190,2765,0
355,2865,0
1186,917,0
1004,2751,0
1228,500,1
1016,2076,0
1170,2198,0
685,252,0
1322,1213,0
76,533,0
1279,551,0
910,4,0
644,2867,0
348,1169,0
523,1132,0
350,521,0
548,3092,0
1327,643,1
495,2234,0
320,3033,0
44,260,0
400,3106,0
1308,2386,0
250,1188,0
1109,2860,0
866,1970,0
967,1093,0
571,2497,0
539,264,0
1136,328,0
496,3126,0
1148,1701,0
225,3215,0
443,1011,0
781,1001,0
967,2527,0
547,2518,0
382,2807,0
588,3188,0
1174,955,0
753,2818,0
250,312,0
484,3213,0
890,3021,0
586,264,0
620,192,0
1162,2212,0
246,3117,0
1016,3038,0
923,176,1
1334,1853,0
1105,2402,0
690,1177,0
1225,2998,0
508,168,1
993,1253,0
225,2850,0
1052,2056,0
1024,2936,1
347,703,0
554,307,0
647,2237,0
1075,991,1
231,22,0
1349,1612,0
593,1792,0
519,1169,0
1308,900,0
876,2839,0
580,264,1
1269,792,0
608,946,0
781,3220,0
228,3117,0
562,257,0
958,444,0
492,2597,0
316,3144,0
839,750,0
1195,562,0
858,2518,0
951,3107,0
266,2084,0
1072,360,0
544,2959,0
548,2188,0
145,2850,0
606,2863,0
826,850,0
773,2195,0
15,2144,0
515,1475,0
1290,1039,0
930,151,0
827,1085,0
21,2955,0
138,113,0
444,1519,0
1215,33,0
1196,2045,0
923,531,0
391,3088,0
1251,2315,0
1076,2018,0
145,1105,0
906,2286,0
40,2039,0
524,1409,0
1286,1038,1
118,2853,0
124,2034,0
646,3014,0
1071,924,0
376,2984,0
587,1159,0
778,1690,0
805,3106,0
1022,3095,0
512,1137,0
1334,531,0
1262,151,0
837,955,0
208,1823,0
805,3108,0
532,1124,0
1300,2307,0
751,1117,0
1078,2744,0
587,1007,0
90,2272,0
67,2673,0
287,2791,0
1197,575,1
518,2816,0
557,953,0
1016,2862,0
1257,1955,0
248,16,0
258,124,0
839,216,0
316,793,0
175,1161,0
547,3204,0
880,2071,0
951,1129,0
711,2084,0
1343,645,1
615,902,0
464,2494,1
837,263,0
216,902,0
348,1961,0
382,324,0
1078,562,0
662,1751,0
225,904,0
1322,1853,0
1130,1213,0
1322,1865,0
43,3119,0
607,3140,0
1329,647,0
15,1447,0
1123,1193,0
539,1350,0
527,3224,0
859,2817,0
981,1475,0
547,3190,0
1110,2093,0
474,1075,0
7,1908,0
462,344,0
511,2959,0
1282,25,0
665,1126,0
557,75,0
531,1497,0
622,1538,0
602,371,0
26,324,0
644,3029,0
897,3188,0
233,2459,0
1261,2656,0
1349,1146,0
1024,204,0
312,3168,0
395,3110,0
683,2986,0
1329,2227,0
349,1685,0
763,2898,0
363,2111,0
522,3091,0
578,945,0
822,3127,0
65,2161,0
512,2792,0
514,959,0
1021,2453,0
865,2505,0
1273,951,0
527,1900,0
208,50,0
48,2074,1
1050,2835,0
1279,1029,0
606,2833,0
1258,2044,0
584,286,0
507,1490,1
853,2440,1
636,2830,0
1020,2849,0
139,1842,0
737,1667,1
514,1961,0
1125,1676,1
604,1075,0
1005,3028,0
571,2863,0
1190,1188,0
737,444,0
620,428,0
978,2048,0
371,2195,0
274,1655,0
412,960,0
497,3183,0
263,2223,0
615,426,0
26,1564,0
1174,902,0
1282,257,0
375,2636,1
286,3015,1
1199,326,0
267,2391,0
956,273,0
157,110,0
678,2804,0
355,2824,0
628,276,1
139,182,0
609,900,1
392,2962,0
29,3102,0
614,2137,0
653,313,1
90,1497,0
225,1686,0
277,2991,0
112,3108,0
265,566,0
565,426,0
59,2908,0
1148,2199,0
1093,1409,1
186,3175,0
883,2112,0
271,1010,0
260,1744,0
1055,760,0
531,2853,0
536,361,0
389,1475,0
620,939,0
546,263,0
597,372,0
544,2607,0
78,1607,0
861,2038,0
881,2093,0
85,1627,1
867,2009,0
553,430,0
610,2830,0
788,1593,0
1278,477,1
606,2195,0
536,1595,0
737,902,0
950,1409,0
114,1265,0
588,917,0
541,1170,0
509,1961,1
625,495,0
287,2620,0
736,1017,0
1144,931,1
890,836,0
1059,2467,0
271,2821,0
6,367,0
1262,3032,0
512,125,0
371,3091,0
348,3199,0
1258,3056,0
497,2837,0
823,1636,0
355,1583,0
660,2907,0
610,2527,0
892,939,0
917,2986,0
545,104,0
960,2183,0
387,2953,0
1266,2772,0
583,149,1
139,950,0
784,936,0
250,1183,0
264,1595,0
736,1564,0
431,3117,0
649,3063,0
245,2994,0
35,1157,0
431,1706,0
452,355,0
93,3117,0
558,836,0
109,3021,0
271,2411,0
549,367,0
732,1015,0
1229,2649,0
153,1951,0
654,362,0
1341,836,0
545,3215,0
419,3001,0
852,312,0
1170,2175,0
1185,782,0
1281,3145,0
617,214,1
858,2837,0
1008,1484,0
970,987,0
1122,2911,0
512,1643,0
772,953,0
1174,426,0
819,2027,0
1127,208,0
778,2553,0
507,2868,0
146,2821,0
92,59,0
694,1681,0
1198,3080,0
574,2863,0
301,3140,0
757,340,1
560,2216,0
131,342,0
719,3108,0
53,1003,0
859,2485,0
683,163,0
1118,950,1
823,2195,0
993,1367,0
802,2320,0
1057,329,0
1290,2273,0
512,784,0
606,2877,0
1242,348,0
890,845,0
8,2328,1
827,2372,0
723,1518,0
45,2589,0
589,3134,0
1049,2934,0
251,18,0
522,1170,0
765,388,0
651,317,1
518,3027,0
553,917,0
829,1635,0
139,452,0
635,2932,0
580,3034,0
1284,562,0
554,2804,0
923,426,0
1170,2156,1
1353,836,0
1331,2070,0
890,3009,0
1145,3204,0
539,3133,0
934,3168,0
532,3092,0
126,2689,0
12,3183,0
341,3013,0
467,1212,0
592,923,0
828,2759,1
1169,1178,0
910,192,0
1308,2472,0
206,48,0
970,1648,0
30,566,0
1258,2468,0
1185,1052,0
15,3089,0
520,3063,0
759,1178,0
44,307,0
6,946,0
753,2165,0
522,1129,0
852,2766,0
1343,991,0
821,2931,0
114,3063,0
605,1182,0
584,1182,0
1210,544,1
1016,1685,0
858,1120,0
574,3029,1
335,2032,0
938,3108,0
689,3207,0
412,893,0
1097,1360,1
1005,2789,0
1117,1431,1
546,216,0
814,1397,0
1145,2497,0
146,2137,0
1076,2023,0
520,1253,0
1004,2861,0
429,2284,1
1085,1690,0
933,3110,0
523,375,0
350,3188,0
99,1680,1
888,1132,0
858,3183,0
883,3017,0
572,902,0
605,998,1
1186,75,0
444,2909,0
270,2154,0
139,1213,0
1242,1261,0
539,1121,0
377,1164,0
1108,964,1
165,1992,0
944,757,0
431,36,0
1293,3089,0
515,3014,0
501,1207,0
581,1593,0
465,70,0
588,1146,0
678,3023,0
654,2839,0
957,1068,0
944,2083,0
1262,257,0
971,3016,0
1305,1767,0
264,2860,0
1236,1662,0
991,3021,0
553,151,0
1080,2355,0
1076,433,0
228,1456,0
608,151,0
854,1134,0
490,2474,0
1345,603,1
1347,435,0
145,1585,0
705,792,0
738,1917,0
93,111,0
1349,950,0
897,324,0
528,2301,1
881,456,0
93,2848,0
1305,1497,0
1096,2189,0
474,3204,0
910,953,0
1004,795,0
208,1787,0
92,461,0
774,2315,0
45,2987,0
565,1146,0
371,2257,0
1235,1696,0
632,924,1
462,2538,1
602,242,0
132,2538,0
250,891,0
238,1809,0
204,112,0
235,3060,0
1353,2501,0
630,2858,0
837,3032,0
1293,1183,0
1287,2927,0
373,661,0
669,2638,0
1110,456,0
139,3161,0
723,1075,0
276,647,0
536,1667,0
587,2853,0
359,185,0
476,2877,0
541,3027,0
1246,1256,0
357,1441,0
635,3139,0
823,2848,0
1329,1153,0
502,1858,0
971,3048,0
539,1036,0
548,551,0
244,2654,0
558,3009,0
642,182,0
219,92,0
547,1512,0
1190,1080,0
783,3008,0
574,1075,0
784,659,0
1133,304,1
202,2714,0
105,2062,0
1105,2432,0
165,1503,1
328,2966,0
40,1821,0
443,36,0
882,3192,0
578,1120,0
1095,538,0
893,156,1
1175,2255,0
26,452,0
218,36,0
1114,1420,1
105,1475,0
565,216,0
171,998,0
597,324,0
546,2391,0
371,1207,0
925,3023,0
1264,3026,0
1201,3108,0
109,1475,0
1008,268,0
825,2871,0
1148,3160,0
1044,2583,0
615,531,0
958,2445,1
140,151,0
1290,3026,0
1201,3110,0
711,403,1
735,691,0
955,2452,0
605,1207,0
562,2860,0
516,3161,0
576,2894,0
138,1984,0
157,69,0
571,3175,0
951,3060,0
114,1099,0
484,324,0
662,36,0
1165,908,1
918,1072,0
589,2773,0
648,1164,0
1272,1040,0
799,1812,0
512,2441,0
587,1010,0
547,2847,0
1319,447,0
678,2851,0
109,2161,0
971,423,0
376,219,0
1246,1034,0
816,1767,0
109,2008,0
588,1763,0
135,111,0
1262,923,0
1179,2867,0
1105,1062,0
1120,2908,0
504,902,0
216,984,0
608,3161,0
157,1823,0
571,2853,0
465,531,0
722,292,0
891,2811,0
882,2565,0
786,3154,0
492,3126,0
1113,948,1
557,3161,0
397,2976,0
310,204,0
585,2310,0
565,977,0
13,767,0
804,2321,0
636,989,0
859,165,0
814,3157,0
1053,2589,0
1182,2618,0
883,99,0
109,307,0
484,216,0
897,2473,0
543,176,0
1316,3207,0
412,1146,0
803,1612,0
853,1180,0
518,831,0
883,2471,0
786,3158,0
523,2419,0
559,465,0
1050,163,0
611,3033,0
1198,3063,0
5,344,0
3,1349,0
900,629,0
892,448,0
1071,273,0
565,911,0
211,598,0
557,3188,0
218,1791,0
48,2622,0
1282,2154,0
1186,1842,0
135,1613,0
816,124,0
661,151,0
763,3036,0
863,2789,0
541,1001,0
910,485,0
135,1137,0
606,3003,0
1130,531,0
522,3093,0
854,1485,0
993,3034,0
588,242,0
13,1966,1
860,2249,0
307,2974,0
1244,1300,0
832,2608,0
1275,204,0
1293,192,0
1130,190,0
1264,2998,0
157,1900,0
478,2450,0
637,325,1
1290,2926,0
519,904,0
1148,2192,1
90,367,0
753,2332,0
90,2791,0
1176,2310,0
1273,190,0
1131,2243,0
1176,2607,0
1045,3106,0
1241,1136,0
1076,1441,0
632,1129,0
736,1763,0
382,2471,0
512,367,0
1282,932,0
1282,338,0
823,2863,0
593,368,0
592,902,0
497,1652,0
1233,513,1
589,3038,1
1351,3106,0
547,3199,0
444,2457,0
388,2956,0
1282,428,0
1349,1150,0
556,2851,0
1074,2075,0
605,2257,0
546,2199,0
558,832,0
350,1842,0
627,1449,0
705,2426,0
938,3106,0
632,2154,0
593,465,0
722,2130,0
471,750,1
117,1790,1
516,893,1
1198,1253,0
1177,1512,0
605,1514,0
844,2224,0
500,2108,0
316,1210,0
578,1159,0
632,2861,0
1310,173,0
992,2320,0
235,2902,0
1334,242,0
446,2155,1
611,3134,0
26,800,0
1016,2045,0
229,314,0
208,1725,0
660,2696,0
467,2054,0
458,2720,0
366,2048,0
1183,629,0
1290,2438,0
587,2847,0
518,3183,0
315,3072,0
19,609,0
816,1170,0
648,1762,0
883,1853,0
538,2176,0
1136,933,1
1145,998,0
773,2165,0
243,2863,0
678,2313,0
1287,2042,0
461,2548,1
1251,1150,0
866,2839,0
1298,698,1
6,2839,0
1293,3214,0
420,1837,0
810,2286,0
1008,2865,0
322,2807,0
1329,260,0
404,385,0
327,1434,0
182,1557,1
567,2529,1
566,357,1
8,1443,0
593,2860,0
554,2227,0
781,2165,0
176,2804,0
858,2165,0
566,996,0
1076,2036,0
615,984,0
654,1026,0
620,986,0
316,1164,0
883,953,0
1249,3130,0
539,1307,0
20,1241,1
1329,621,0
1110,433,0
248,1715,0
751,3212,0
528,1099,0
1266,2615,0
853,145,0
518,2847,0
941,1966,0
1290,1044,0
248,134,0
1123,3157,0
1083,393,0
1157,980,0
1190,2744,0
198,2998,0
248,1828,0
520,3034,0
1290,313,0
516,368,0
992,2598,0
1174,999,0
109,3009,0
632,2441,0
594,2833,0
735,2355,0
866,2144,0
993,1099,0
1177,945,1
176,832,0
657,878,0
790,1103,0
248,73,0
270,1485,0
751,1072,0
781,2837,0
1001,2373,1
694,2239,0
1362,1917,0
547,3220,0
1234,948,0
1073,3071,0
88,1853,0
504,1564,0
981,3016,0
548,2146,0
718,1443,1
632,125,0
496,2419,0
544,1514,0
105,845,0
1262,372,0
90,1908,0
858,1512,0
1185,741,0
516,1865,0
115,3000,0
321,1600,0
1073,1333,0
143,1516,0
599,3014,0
615,430,0
773,1686,0
923,485,0
1290,1028,0
271,73,0
1186,1150,0
523,959,0
616,2818,0
1076,2050,0
271,2206,0
611,2530,0
1072,2546,0
779,462,0
1361,963,1
536,2649,0
839,508,0
863,2250,0
494,1370,1
808,535,1
705,2752,0
992,2327,0
1186,368,0
602,939,0
514,273,0
867,2484,1
79,2430,0
1006,796,1
135,3109,0
967,2055,0
1287,2447,0
514,1169,0
520,3055,0
604,1014,0
1282,68,0
1022,2489,0
382,2496,0
365,3108,0
1299,3110,0
646,1475,0
513,2547,0
270,1497,0
19,871,0
443,2441,0
1001,2565,0
654,700,0
236,2827,0
750,3107,0
746,2632,1
1195,313,0
1353,2062,0
944,240,0
548,2386,0
805,1087,0
264,1151,0
119,1586,0
1353,3022,0
1331,1668,0
1258,3026,0
271,3187,0
361,1865,0
216,954,0
892,182,0
208,3188,0
45,2072,0
408,2900,0
270,2839,0
208,78,0
944,801,0
602,485,0
890,3014,0
889,1103,0
522,2441,0
554,1666,0
15,192,0
1226,503,1
1264,1026,0
146,2480,0
316,2824,0
624,2762,0
593,954,0
208,1738,0
883,324,0
93,2877,0
888,286,0
636,1093,0
264,984,0
516,242,0
1179,330,0
950,806,0
689,2095,0
1176,1933,0
118,1447,0
1246,1326,0
455,2564,1
517,1151,0
265,893,0
309,3207,0
195,198,0
1016,2060,0
799,1958,0
1302,745,1
820,2073,0
1126,941,1
1353,621,1
27,2123,0
248,2419,0
642,372,0
1290,1040,0
382,1060,0
1170,3167,0
490,2497,0
738,385,0
1275,2936,0
869,2287,1
513,2131,0
587,1129,0
678,3021,0
1269,2008,0
284,891,0
465,426,0
1183,147,0
617,3168,0
114,1402,0
839,361,0
528,1402,0
606,2821,0
35,1821,0
923,151,0
504,430,0
514,375,0
1215,94,0
1032,158,0
773,2867,0
88,1612,1
256,1101,0
1262,2839,0
1105,2061,0
518,2206,0
738,1441,0
996,1604,0
818,2683,1
1180,2274,0
15,1332,0
1244,1312,0
648,1484,0
30,984,0
1078,2707,0
1284,1427,0
517,151,0
773,2411,0
508,367,0
412,1678,0
518,368,0
866,1447,0
918,2558,1
137,81,0
224,129,0
1101,2392,0
930,566,0
412,254,0
395,3108,0
1187,565,1
140,345,0
40,1157,0
1177,2165,0
1324,2638,0
788,1118,0
729,2860,0
897,1017,0
632,2616,0
369,1837,0
779,2926,0
947,3157,0
150,1950,0
859,2933,0
606,3091,0
858,2867,0
574,2195,0
772,485,0
322,921,0
1115,1040,0
216,2860,0
572,580,0
396,2301,0
1287,1433,0
248,1720,0
907,2560,1
1316,2695,0
1080,2032,0
562,531,0
1282,190,0
29,3139,0
513,2027,0
348,945,0
217,2409,0
614,1129,0
837,361,0
208,1135,0
951,2863,0
793,2570,1
465,254,0
412,3161,0
492,2759,0
808,1080,0
773,3187,0
827,2207,0
541,2206,0
606,2206,0
1130,242,0
761,2654,0
976,1492,1
176,3016,0
431,2853,0
359,2057,0
977,2670,0
1290,1035,0
396,2530,0
588,1678,0
107,2503,0
389,3014,0
837,750,0
518,2853,0
611,1124,0
588,70,0
593,257,0
588,946,0
1020,2986,0
502,1756,0
79,268,0
970,734,0
216,257,0
216,368,0
392,2090,0
165,1983,0
250,2377,0
634,280,1
839,2649,0
220,56,0
587,342,0
556,647,0
1319,653,0
1215,1207,0
1246,1385,0
466,2762,0
1322,254,0
457,2074,0
1130,953,0
827,1347,0
515,3016,0
604,1182,0
536,639,0
1258,1433,0
271,2848,0
245,144,1
15,2998,0
1278,683,0
917,163,1
518,3161,0
177,3114,0
1212,2987,0
565,2393,0
287,1701,0
543,946,0
118,2591,0
333,1970,0
553,893,0
382,911,0
1022,268,0
606,2915,0
803,1213,0
829,3167,0
736,75,0
1238,2418,1
382,957,0
139,324,0
981,2851,0
719,3110,0
529,928,0
1145,3194,0
90,192,0
875,2358,0
632,2607,0
580,3134,0
371,2821,0
557,2193,0
389,2008,0
146,1075,0
488,2617,0
128,2085,0
829,991,0
528,1350,0
773,2847,0
944,2071,0
1330,750,0
572,324,0
167,898,0
368,703,0
593,358,0
837,151,0
508,1148,0
1096,2253,0
276,3016,0
754,339,1
1362,3136,0
518,2316,0
1257,1052,0
1290,1052,0
1072,3192,0
513,2830,0
522,2877,0
3,1319,0
218,959,0
1127,2250,0
512,1908,0
225,945,0
276,3009,0
1190,2432,0
565,71,0
518,430,0
863,1447,0
918,3151,0
112,3099,0
680,2868,0
958,554,1
169,2636,0
642,568,0
492,3093,0
853,750,0
1290,1032,0
547,3091,0
474,3220,0
1055,2835,0
572,176,0
53,2084,1
523,924,0
250,3003,0
396,1307,0
606,3194,0
1246,1139,0
396,1402,0
88,75,0
705,1040,0
599,260,0
1195,1044,0
532,1402,0
1086,3053,0
678,1666,0
93,1182,0
1253,2092,0
1034,3192,0
556,621,0
616,915,0
892,3019,0
348,2959,0
109,621,0
333,1148,0
497,2411,0
593,176,0
1063,17,0
1176,2524,0
216,354,0
490,2816,0
646,2851,0
632,2853,0
322,426,0
1022,3144,0
238,1709,0
962,868,1
271,2850,0
197,1634,0
1273,355,0
973,987,0
1280,104,0
146,3204,0
12,1105,0
523,239,1
547,1686,0
273,1367,0
93,1633,0
532,1253,0
443,111,0
111,179,0
685,147,0
1262,902,0
3,1034,0
333,3003,0
270,362,0
1273,521,0
52,2082,1
916,3108,0
553,192,0
501,3225,0
1106,956,1
208,3164,0
816,1105,0
225,2316,1
616,3093,0
462,2272,0
1145,2316,0
556,3016,1
913,161,1
511,2600,0
1273,566,0
608,1853,0
1269,1427,0
879,1085,0
1004,2961,0
538,265,0
547,1652,0
736,897,0
580,1016,0
1287,2273,0
883,1865,0
208,1882,0
350,1853,0
841,3111,0
183,1555,1
347,2159,0
537,1599,0
1182,2797,0
816,1001,0
107,2391,0
781,2818,0
1256,460,1
283,2988,0
1072,741,0
186,2518,0
359,2026,0
711,2002,0
632,795,0
1176,2517,0
753,1010,0
271,2419,0
79,2624,0
508,917,0
431,1899,0
604,348,0
128,2670,0
514,1514,0
1329,832,0
361,71,0
371,1095,0
137,65,0
678,647,0
851,2399,0
3,1061,0
274,196,0
248,1633,1
858,1170,0
1329,836,0
1033,2961,0
1099,1966,0
149,1934,0
1021,1485,0
1081,980,1
366,2770,1
615,893,0
318,3116,0
1145,1120,0
802,2598,1
823,3091,0
616,1643,0
497,2848,0
1160,2811,0
866,3214,0
995,707,0
484,531,0
615,917,0
396,1016,0
1124,534,0
923,902,0
67,1818,0
1284,1955,0
991,3048,0
208,1786,0
1148,2792,0
508,891,0
615,1564,0
574,3091,0
512,1497,0
322,960,0
135,1748,0
1114,1966,0
591,926,0
519,2480,0
487,2404,1
881,2023,0
174,793,0
974,1140,0
1349,71,0
1074,2932,0
407,2898,0
1064,2096,0
226,2118,0
914,2556,1
1044,2347,1
520,2843,0
857,2205,0
1087,412,0
864,207,1
1093,2621,1
261,1739,0
344,3052,0
297,2944,0
204,1896,0
632,111,0
642,1598,0
771,936,0
544,798,0
693,2782,1
580,3087,0
654,1485,0
941,1362,0
602,1678,0
1251,368,0
276,1475,0
646,2996,0
554,1475,0
1122,515,0
1244,1385,0
359,2011,0
611,1016,0
52,3110,0
510,1928,0
516,430,0
45,548,0
229,1447,0
571,1514,0
72,1567,1
517,358,0
465,558,0
588,71,0
571,1182,0
1212,2076,0
202,987,0
154,61,0
858,2441,0
1145,2848,0
1173,936,0
456,565,0
1257,1026,0
689,1103,0
1349,324,0
389,2804,0
925,1692,0
354,3099,0
214,20,0
897,2193,0
925,179,1
1170,2238,0
638,948,0
519,3029,0
165,1976,0
208,76,0
578,1497,0
480,2909,0
1190,204,0
119,1770,0
105,836,0
930,953,0
544,2518,0
394,2909,1
941,2425,0
867,1062,0
923,331,0
565,1763,0
514,1643,0
618,3003,0
750,1816,0
522,1478,0
322,531,0
258,1852,0
1175,2118,0
86,1607,1
527,324,0
1182,1531,1
592,2524,0
645,2818,0
632,286,0
1081,538,0
1251,533,1
504,176,0
973,2714,0
348,1137,0
543,2649,0
532,1265,0
874,199,1
1246,1421,0
917,2060,0
46,2855,0
1334,1017,0
858,2847,0
1185,1039,0
736,2473,0
903,2055,0
1277,3145,0
139,151,0
1159,1844,0
347,2864,1
1290,1342,0
883,426,0
1281,1029,1
613,3041,0
744,360,1
883,1146,0
923,372,0
599,906,0
1175,515,0
891,2911,0
858,1162,0
750,2867,0
899,2933,1
90,2853,0
840,1166,0
1038,2093,0
1341,260,0
1052,3007,0
521,1163,0
511,2474,0
1053,2986,0
1282,1675,0
902,422,0
892,798,0
1251,3003,0
562,358,0
443,1858,0
1329,845,0
118,1701,0
443,140,0
823,3190,0
944,3212,0
301,674,0
521,1132,0
1001,2384,0
270,168,0
428,664,0
1024,2420,0
536,2503,0
453,2862,0
600,895,0
140,371,0
23,1183,0
1329,2501,0
1118,254,0
26,363,0
1176,2386,0
1264,2400,0
1279,1030,1
496,1514,0
364,2395,1
412,531,0
577,122,0
235,1183,0
1130,324,0
1190,2920,0
866,1183,0
947,3154,0
654,2792,0
1038,2036,0
923,2860,0
1305,124,0
1246,1061,1
1190,3060,0
225,3190,0
951,2833,0
1145,2821,0
958,361,0
602,902,0
1198,3034,0
531,375,0
808,2402,0
1329,3022,0
312,2999,0
91,940,0
821,2011,0
726,272,0
1346,604,1
1241,2773,0
270,1183,0
971,3022,0
67,1573,0
646,809,0
496,1861,0
236,311,0
403,3067,0
465,902,0
400,2943,0
478,1991,0
128,67,0
808,741,0
1190,1342,0
528,3033,0
1290,2720,0
1305,3160,0
548,576,0
932,774,1
599,2143,0
1322,151,0
790,2572,1
1038,2561,0
562,465,0
918,3167,0
1115,1026,0
506,1159,0
620,911,0
1148,2591,0
216,426,0
216,485,1
736,911,0
225,1159,0
733,2934,1
1322,531,0
871,457,0
786,2040,0
1066,2544,0
531,100,0
578,3204,0
528,1036,0
661,917,0
219,1876,0
22,2080,0
923,3032,0
875,2488,0
517,190,0
105,196,0
251,1873,0
527,921,0
361,960,0
558,1666,0
586,3063,0
615,1150,0
255,1485,0
614,3215,0
1272,2720,0
349,2987,0
15,352,0
208,1844,0
357,3057,0
772,358,0
354,2869,1
1177,1496,1
264,263,1
253,510,0
1148,1446,0
480,2757,0
276,3014,0
1115,2920,0
259,1753,0
608,1678,0
369,1442,0
508,254,0
605,2195,0
23,2998,0
767,379,1
1330,2607,0
946,1821,0
114,1350,0
539,3034,0
941,2289,0
1341,3022,0
331,2008,0
1198,1124,0
1341,1666,0
231,54,0
1302,2098,0
512,3126,0
796,31,0
597,182,0
383,2642,1
981,2996,0
412,452,0
455,768,0
1287,2936,0
897,182,0
995,383,1
90,2441,0
646,2313,0
592,68,0
804,2921,0
361,182,0
1084,2067,1
1057,1531,0
248,140,0
1241,3063,0
858,2848,1
1244,1261,0
738,3154,0
176,3009,0
350,566,0
773,2206,1
420,3007,0
250,533,0
275,3119,0
648,2824,0
779,2707,0
406,3041,0
523,3094,0
773,945,0
889,2572,0
1021,2144,0
1240,1090,1
616,1132,0
662,1497,0
301,1181,0
597,1612,0
808,1955,0
26,369,0
1322,2393,0
1290,1080,0
208,28,0
562,1564,0
606,367,0
930,465,0
1145,1001,0
584,332,0
1258,562,0
587,2364,0
420,1301,0
251,1791,0
365,3099,0
649,306,1
482,3130,0
1287,2009,0
23,1821,0
1262,1213,0
1112,949,1
1264,782,0
597,1017,0
1076,2108,0
512,2252,0
1143,3108,0
1258,1057,0
139,3188,0
1008,1210,0
571,1120,0
558,260,0
584,2853,0
608,897,0
1241,3033,0
1064,2057,1
218,2959,0
566,457,0
609,3033,0
581,2742,0
858,2863,0
574,1001,0
174,2489,0
773,1010,0
778,1118,0
258,2654,0
866,2620,0
548,3133,0
1127,2130,0
572,531,0
945,3108,0
271,1512,1
860,1504,0
505,1534,0
649,1477,0
1105,1080,0
107,3213,0
532,1016,0
751,1375,0
685,333,0
851,3026,0
1272,2752,0
607,433,0
753,924,0
561,900,0
853,361,0
589,2188,0
910,71,0
1101,2156,0
1160,2649,0
610,1093,0
512,375,0
350,1612,0
1258,2744,0
1316,659,1
731,3022,0
991,647,0
496,332,0
731,832,0
518,2848,0
1349,1678,0
527,2199,0
985,3108,0
787,1690,0
1145,1010,0
1093,327,0
220,1803,0
957,3087,0
238,1769,0
1238,2615,0
858,2474,0
496,959,0
40,2544,0
852,2792,0
389,1655,0
568,2337,0
1175,2811,0
605,273,0
105,832,0
608,99,0
853,639,0
56,2099,1
780,2579,1
662,1137,0
212,135,0
866,2453,0
113,1768,0
609,2188,1
1028,982,0
734,2119,0
711,3139,0
674,542,0
516,99,0
897,216,0
803,1678,0
139,946,0
391,3110,0
547,3027,0
754,913,0
1301,1978,0
1349,3188,0
1055,759,0
527,2391,0
1174,151,0
593,531,0
614,1105,0
554,2851,0
638,294,0
115,359,0
562,1017,0
605,3194,0
67,347,0
90,582,0
594,891,0
1042,2352,1
428,2523,0
522,1652,0
654,2853,0
514,286,0
1114,2263,0
1186,1146,0
15,891,0
1342,3086,0
1038,2139,0
543,955,0
516,257,0
512,2518,0
536,2807,0
588,984,0
1313,3058,0
150,347,0
1284,783,0
604,1007,0
1264,2936,0
1176,2792,0
608,923,0
513,2055,1
543,1564,0
518,2137,0
1005,312,0
1115,1052,0
126,1820,1
269,3225,0
1185,2402,0
819,989,0
1258,1062,0
1264,2008,0
1227,2772,0
858,2600,0
452,190,0
394,2159,0
1176,396,0
1170,2370,0
971,2062,0
502,1551,0
544,808,0
441,2163,1
250,448,0
349,2060,0
780,1502,1
93,1132,0
823,1163,0
479,2452,1
1093,944,0
606,904,0
943,1618,0
944,175,0
578,2137,0
586,1701,0
288,555,0
105,3023,0
1036,768,0
557,2308,0
27,3003,0
412,3188,0
606,1970,0
256,1586,0
1114,2935,0
541,3199,0
616,2959,0
368,3221,0
1269,3056,0
1264,2435,0
618,1129,0
722,2156,0
521,1159,0
517,216,0
1322,1763,0
662,1011,0
892,3032,0
844,2762,0
574,2877,0
557,1017,0
30,986,0
556,845,0
1216,3181,0
594,1779,0
543,151,0
607,385,0
592,354,0
572,426,0
484,145,0
93,2853,0
875,2614,0
883,338,0
1331,3154,0
654,2616,0
274,621,0
968,2656,0
389,2313,0
495,2246,1
432,2414,0
632,1132,0
35,1437,0
662,1961,0
204,1744,0
383,3099,1
1311,2145,0
364,508,0
371,904,0
873,3092,0
1190,3003,0
490,998,0
523,808,0
934,2801,0
1264,2468,0
1361,605,1
844,2476,0
729,2852,0
346,1210,0
1021,448,0
570,2751,0
371,2474,0
1074,1127,0
480,2048,0
1341,2143,0
333,314,0
1176,2367,0
519,3194,0
346,268,0
614,2206,0
578,2848,0
954,2337,0
343,3058,0
604,73,0
559,3138,0
957,788,0
825,2917,0
465,192,0
362,2622,0
710,1566,0
735,2011,0
1258,2752,0
973,2209,0
653,562,0
1258,204,0
1177,2206,0
597,369,1
632,3117,0
587,3199,0
1064,2355,0
225,1207,0
359,2032,0
642,3032,0
375,1501,0
847,1841,0
781,2848,0
1262,1598,0
431,1961,0
444,3221,0
1130,151,0
1186,566,1
592,257,1
265,368,0
323,3099,0
642,352,1
1014,2589,0
804,2109,0
557,1146,0
1119,2253,0
759,393,1
653,2920,0
423,3091,0
1110,1821,0
636,2153,1
737,986,0
686,353,0
751,3155,0
26,176,0
874,1061,0
118,891,0
538,2811,0
443,2252,0
589,3033,0
960,2333,0
768,2062,0
1287,1080,0
166,1505,1
1195,2927,0
600,2158,0
757,1012,0
601,2159,0
615,939,0
565,1865,0
93,1129,0
69,1576,1
532,3087,0
270,1970,0
135,1751,0
113,1014,0
109,423,0
735,1561,0
412,1612,0
1179,3107,0
176,647,0
87,1014,0
687,1978,0
1212,1685,0
393,1767,0
64,1445,0
593,192,0
183,2159,0
1019,1447,0
788,3039,0
257,1809,0
342,3049,0
1276,679,0
1099,2264,0
829,1167,0
1118,1017,0
572,955,0
204,749,0
371,1518,0
176,2313,0
174,2866,0
1014,2986,0
974,2688,0
642,2839,1
218,1828,0
521,3109,0
346,3144,0
571,1805,0
593,923,0
609,3200,0
736,1678,0
1013,2139,0
88,2193,0
454,1443,0
1185,2030,0
897,1763,0
1115,2468,0
389,3048,0
299,3004,0
1290,2399,0
604,2195,0
1215,1195,0
820,2026,0
671,223,1
608,369,0
827,2238,0
271,1001,0
588,368,0
661,331,0
838,59,0
1294,1548,0
788,2003,0
543,263,0
562,3032,0
528,3134,0
238,92,0
1064,1561,0
396,1214,0
837,2649,0
957,1061,0
1105,1039,0
539,3092,0
271,2332,0
496,2959,0
189,1508,1
606,2316,0
1236,1347,1
829,2,0
287,1970,0
540,31,0
565,1213,0
1050,2119,0
810,2559,0
839,372,0
753,1188,0
1186,1865,0
572,326,0
1021,3054,0
961,9,1
625,948,0
882,1566,1
543,367,0
599,307,0
1171,905,1
541,2332,0
394,603,0
359,2073,0
1185,2587,0
480,2105,0
572,367,0
333,362,0
1310,2999,0
265,355,0
1174,368,0
863,208,1
3,1312,0
396,3080,0
574,3183,0
1169,2840,0
602,70,0
823,2411,0
867,1080,0
138,1960,0
348,831,0
1322,3188,0
216,950,0
208,1950,0
1231,1564,0
804,2192,0
570,2961,0
1361,2242,0
23,2018,0
1021,891,0
547,3215,0
480,2864,0
1001,2984,0
522,1159,0
90,3160,0
355,305,0
1078,2765,0
1215,2195,0
518,1010,0
1257,2490,0
519,1001,0
991,3016,0
1148,2112,0
588,566,0
99,1492,0
1113,2593,0
1353,3016,0
64,2121,1
132,1867,0
554,3021,0
858,1095,0
276,836,0
897,960,0
993,89,0
1080,1561,0
83,1622,1
918,1167,0
1356,624,1
517,145,0
642,921,0
580,3092,0
319,3119,1
1264,1080,0
647,424,0
1038,2584,0
755,337,1
508,2839,0
497,1569,1
512,2412,0
413,1216,0
481,2459,1
1021,791,1
492,1132,0
15,1970,1
187,1815,0
592,953,0
273,3034,0
742,2617,1
1261,2389,1
547,1636,0
118,2620,0
27,3172,0
334,396,0
390,2955,0
331,3108,0
470,1698,0
218,2202,0
324,2946,0
719,1118,0
1024,1026,0
1021,3060,0
1196,1393,0
282,2060,0
847,2674,0
609,929,0
1282,2377,1
982,328,0
333,3060,0
970,461,0
1055,2280,0
873,1108,0
903,2153,0
1269,1035,0
597,331,0
58,2113,1
250,2998,0
586,2591,0
1269,107,0
1162,2603,0
445,3044,0
605,915,0
328,946,0
781,2833,0
1215,808,0
287,2192,0
291,3004,0
558,3014,0
463,2495,1
1252,1081,1
946,2283,1
690,993,0
632,1083,0
482,1506,0
577,523,0
774,314,0
1166,2251,0
35,1441,0
174,1164,0
1130,3161,0
1001,1181,0
853,263,0
272,2372,1
292,2898,0
547,945,0
80,544,0
751,2358,0
602,3188,0
276,2996,1
202,2209,0
497,1001,0
606,831,0
522,1095,0
632,3093,0
693,979,0
567,2532,0
751,2601,0
1249,2922,1
228,1687,0
1174,371,0
632,1182,0
274,845,0
265,369,0
883,75,0
229,1188,0
608,921,0
1130,986,0
45,3189,0
981,2804,0
654,891,0
1234,2881,1
484,2391,0
724,2608,0
146,1010,0
130,1794,1
599,2008,0
310,2082,0
431,16,0
571,1001,0
1331,964,0
817,2675,1
1262,3017,0
142,1709,0
727,439,1
599,1153,0
93,2206,0
974,9,0
26,955,0
1267,3127,0
466,2224,0
1246,1879,0
897,1678,0
45,2835,0
540,2181,0
661,369,0
590,357,0
917,2835,0
145,3109,0
271,1880,0
396,2470,1
135,2497,0
1334,977,0
866,1332,0
558,3016,0
837,257,0
860,2158,0
711,1127,0
557,1853,0
322,2391,0
514,2848,0
1336,625,1
556,836,0
348,2332,0
371,998,0
784,2002,0
225,2818,0
1024,2399,0
177,198,0
632,1148,0
1349,1853,0
40,385,0
518,2474,0
548,2301,0
512,2497,0
1284,2400,0
45,2133,0
452,257,0
1275,1032,1
1208,1680,0
195,76,0
554,260,0
606,1129,0
676,2337,0
789,3106,0
454,1449,0
638,2755,0
412,566,0
426,1965,0
474,1162,0
282,548,0
463,544,0
511,2848,0
562,372,0
271,1828,0
923,946,0
518,3190,0
827,1086,0
79,793,0
644,2848,0
229,2915,0
910,1763,0
391,2963,0
520,857,0
881,1157,0
40,3180,0
1264,2338,0
139,917,0
1101,1368,1
753,1120,0
648,1171,0
1037,2564,0
592,954,0
1230,3216,0
879,1089,0
1280,482,1
211,559,0
1110,2283,0
1105,1955,0
284,3024,0
1190,2926,0
736,921,0
852,2791,0
87,2867,0
1083,494,0
773,3199,0
1341,845,0
118,3060,0
54,328,0
1259,2050,0
816,1864,0
412,1213,0
616,375,0
522,1075,0
554,3023,0
93,915,0
944,2587,0
606,2837,0
923,923,0
547,1120,0
1182,2627,0
565,521,0
348,915,0
260,1796,0
1334,1213,0
605,2165,0
851,2752,0
318,1282,0
691,2781,1
371,1182,0
1334,960,0
982,2224,1
235,1447,0
510,3007,0
606,1007,0
611,3092,0
584,2959,0
1272,2468,0
578,998,0
556,3021,0
1264,1342,0
520,2470,0
225,2863,0
131,1816,1
858,904,0
369,2845,0
722,1368,0
124,2388,0
620,566,0
731,2996,0
604,2837,0
320,3092,0
1093,2755,1
699,1192,0
1024,2432,0
1145,1075,0
1132,1015,0
1018,2079,0
320,1136,0
48,2855,0
1257,2468,0
774,3003,0
875,2671,0
750,2617,0
565,430,0
402,1519,0
492,2174,0
1176,328,0
559,151,0
711,3102,0
115,889,0
1212,548,1
616,2853,0
1290,1083,0
858,915,0
522,2816,0
967,2131,1
412,71,0
581,2583,1
1114,2739,0
3,1317,0
654,1188,0
248,2513,0
604,1159,0
602,99,0
752,993,0
1284,1433,0
1007,815,1
544,1899,0
1293,203,0
892,893,0
1074,279,0
781,1159,0
1264,1033,0
1042,2478,0
322,372,0
1284,2402,0
59,2119,1
137,42,0
930,355,0
839,558,0
991,836,0
1257,2587,0
981,3022,0
950,183,0
602,954,0
833,2630,1
654,3164,0
443,2853,0
781,3091,0
837,986,0
1258,107,0
1182,554,0
502,108,0
105,2143,0
737,2860,0
838,2714,1
641,252,0
736,99,0
382,426,0
753,332,0
614,496,0
838,1517,0
139,521,0
1262,921,0
528,3034,0
879,1448,0
735,2931,1
1235,145,0
1285,2656,0
26,3032,1
1192,574,1
1198,1070,0
30,428,1
1330,2440,0
354,3108,0
917,2987,0
465,3043,0
653,2587,0
945,3099,0
1242,1061,0
635,279,1
749,582,0
969,837,1
829,1117,0
443,1828,0
1148,3003,0
946,2093,0
382,1059,0
772,331,0
444,2159,1
370,1121,0
753,1007,0
945,3119,0
522,2818,0
1195,2402,0
594,2620,0
146,3194,0
823,3171,0
6,2154,0
608,485,0
1190,352,0
642,986,0
1264,2752,1
1321,2062,0
592,371,0
686,319,0
1028,2333,1
1127,1088,0
145,286,0
772,465,1
1177,915,0
781,3194,0
531,1828,0
474,3190,0
654,2688,0
802,2247,0
248,2818,0
532,1108,0
620,580,0
267,508,0
866,2998,0
791,1118,0
956,2291,1
1055,2345,0
1284,107,0
895,1593,0
751,3151,0
944,3167,0
550,2818,0
177,1481,1
551,134,0
1287,2920,0
515,1153,0
299,2964,0
268,3114,0
233,2840,0
769,384,1
604,2206,0
597,452,0
1241,3025,0
571,3171,0
1264,1052,0
662,1706,0
827,2889,0
208,60,0
1004,1378,0
819,2830,1
309,251,0
531,1137,0
418,1584,0
21,169,0
910,1678,0
54,415,0
1329,1475,0
183,2105,0
640,3201,0
251,1828,0
875,2475,1
481,1168,0
1253,1501,0
823,2818,0
584,1514,0
557,1166,0
1028,2122,0
1269,2468,0
636,2131,0
961,2307,1
425,3039,0
139,1612,0
92,734,0
93,273,0
642,566,0
632,375,0
620,932,0
512,1473,0
1044,753,1
1326,2909,0
181,1607,0
838,2219,0
890,3016,0
285,2982,0
788,43,0
1068,2036,0
1113,3185,0
670,904,0
541,2518,0
1341,1655,0
979,2593,0
951,1970,0
198,1156,0
599,1666,0
1106,2772,0
93,332,0
218,2837,0
1056,2108,0
588,1150,0
858,1001,0
197,1789,0
1084,1157,0
1143,3106,0
264,151,0
122,2357,0
276,845,0
1246,1349,0
773,1163,0
823,2821,0
1016,1162,0
883,352,0
270,2524,0
93,2518,0
111,2147,0
467,3045,0
1290,783,0
1024,2937,0
17,1985,1
852,2112,0
1244,857,0
867,2510,0
492,273,0
521,998,0
852,2442,1
271,2847,0
605,2480,0
830,972,1
1111,1418,1
502,1708,0
608,954,0
273,3092,0
515,845,0
23,1485,0
564,2318,0
923,984,0
1257,462,1
402,1432,0
736,216,0
248,1137,0
587,1162,0
821,1432,0
521,1011,0
536,508,0
512,891,0
388,2866,0
287,3070,0
536,145,1
1244,1256,0
572,946,0
68,1578,1
899,802,0
722,3155,0
608,71,0
26,309,0
355,664,0
608,70,0
1287,2720,0
1004,831,0
852,2199,0
821,2836,0
118,2141,0
348,273,0
55,2048,0
852,1188,0
910,3188,0
1272,2044,0
722,2889,0
1072,2550,0
109,3022,0
93,286,0
647,2827,0
858,3091,0
190,1536,0
520,264,0
249,1156,0
371,1686,0
1174,331,0
1174,893,0
632,891,0
1096,383,0
866,3003,0
1038,2071,0
333,1923,0
910,1564,0
1326,2457,0
504,2337,0
648,793,0
594,1497,0
1212,2045,0
591,995,0
389,260,0
1174,3161,0
244,1808,0
1115,3026,0
553,923,0
67,3212,0
970,2214,0
320,3200,0
661,1842,0
952,2117,0
516,2112,0
1060,2051,1
1021,2141,0
605,1001,0
371,2316,0
602,558,0
524,994,0
706,405,1
871,2799,1
361,950,0
599,3048,0
504,954,0
761,2167,0
271,1636,0
571,1010,0
512,3160,0
1185,2161,0
118,2998,0
394,703,0
561,3033,0
1329,179,0
770,385,1
1145,1095,0
228,1014,0
1304,712,1
1321,1666,0
683,243,1
465,371,0
578,1010,0
517,3166,0
779,2550,0
1036,769,1
309,3139,0
547,2833,0
469,3029,0
5,2272,0
1185,2009,0
721,447,1
1279,3025,0
658,1579,0
169,532,0
887,1690,0
813,336,1
1130,566,0
590,316,1
490,1908,0
1208,898,0
722,2392,0
585,2084,0
1341,3048,0
646,260,0
1293,1722,0
1195,2744,0
973,59,0
738,1437,0
270,1188,0
779,2565,0
443,108,0
53,2054,0
1329,2804,0
1186,3161,0
736,1146,0
646,307,1
796,3111,0
1185,2960,0
1136,415,0
1091,1401,1
1272,3026,0
536,902,0
362,2074,0
606,3204,0
950,948,0
781,2316,0
271,3145,0
92,2714,0
608,182,0
1221,31,0
773,1007,0
587,2441,0
646,647,0
333,2177,1
543,2607,0
858,2206,0
474,1105,0
736,176,0
642,192,0
900,1177,0
644,1816,0
646,423,0
162,2123,0
546,444,0
199,1890,0
538,222,0
3,1066,0
492,924,0
52,3044,0
1123,940,1
827,2192,0
522,1105,0
37,2031,1
212,1161,0
1115,2161,0
1177,2137,1
1244,1273,0
978,1443,0
608,371,0
135,16,0
587,1686,0
620,452,0
1096,707,0
428,2771,0
511,3027,0
1078,2061,0
480,2159,0
369,2770,1
202,1648,0
218,1687,0
1241,3200,0
246,2513,0
1068,2023,1
578,3199,0
734,2987,0
726,2033,0
846,422,1
147,54,0
1349,566,0
1338,617,0
490,137,0
45,2045,0
524,294,0
511,2816,0
157,45,0
615,1678,0
198,1798,0
794,709,1
821,2073,0
225,3027,0
553,531,0
917,2589,0
887,2541,1
1020,758,0
1160,926,0
369,2087,0
258,2681,0
799,1076,0
138,1985,0
961,737,0
541,3183,0
79,1210,0
570,2745,0
605,1095,0
1145,945,0
1322,372,0
598,923,0
490,2833,0
1211,547,1
773,1760,0
1111,944,0
881,2108,0
1170,3212,0
355,268,0
181,234,0
847,1789,0
512,2833,0
607,1157,0
604,1010,0
516,452,0
522,3204,0
1155,914,1
803,1017,0
592,1675,0
237,724,0
642,426,0
316,1334,0
599,2227,0
863,3070,0
54,366,0
516,1853,0
1341,832,0
602,977,0
638,127,0
779,2061,0
90,2468,0
1242,284,0
372,628,0
359,691,0
546,2503,0
976,838,1
103,3192,0
1218,555,1
542,2020,0
615,368,1
225,2600,0
1235,508,1
1014,243,0
753,1137,0
1145,1512,0
1052,1449,0
661,1146,0
578,1014,0
614,2165,0
645,2441,0
532,3034,0
44,3009,0
211,441,0
225,2257,0
541,2833,0
604,111,0
1001,2589,0
287,1183,0
358,3086,0
597,923,0
736,426,1
452,1675,0
520,3080,0
497,2867,0
43,2066,1
632,1643,0
1123,2890,0
1174,1792,0
947,3152,0
426,2334,1
827,2175,0
531,1715,0
265,2860,0
855,337,0
1190,783,0
436,2785,0
216,893,0
44,3021,0
1316,2002,0
348,1014,0
897,338,0
643,335,1
208,112,0
946,2108,0
1258,1039,0
991,2313,0
1056,3140,0
553,984,0
892,452,0
1115,1083,0
753,3093,0
1322,521,0
492,286,0
255,1134,0
890,832,0
578,2821,1
1349,452,0
320,1016,0
587,1473,0
492,1643,0
584,3126,0
786,3152,0
554,836,0
715,704,0
709,2786,1
312,2525,0
1105,535,0
711,3045,0
39,2052,1
497,1687,0
1004,839,0
361,1612,0
860,926,0
512,2468,0
890,2501,0
753,100,0
282,2133,0
625,2803,0
30,465,0
941,1360,0
145,2821,0
316,2866,0
760,793,0
1306,632,0
528,3092,0
1072,2565,1
827,1404,0
781,2257,1
391,3108,0
1152,261,0
196,1481,0
355,2162,0
724,2798,1
1264,2009,0
593,902,0
523,3199,0
1174,485,0
578,2206,0
1257,1080,0
1098,351,0
275,3110,0
244,2112,0
543,1213,0
341,470,0
432,2611,0
504,367,0
114,1311,0
1123,2563,0
543,531,0
484,2807,1
594,3160,0
184,1525,0
1308,2329,0
599,3023,0
1111,294,0
587,1137,0
423,1170,0
823,3029,0
118,3003,0
1185,2573,0
1176,2302,0
565,1612,0
1289,494,1
586,891,0
1272,2400,0
505,1171,0
441,2772,0
783,1173,0
772,444,0
510,1449,0
27,352,0
350,1213,0
803,355,0
1355,650,0
393,124,0
197,1998,0
839,3166,0
876,172,1
1275,2421,0
1246,1319,0
1145,1182,0
823,2837,0
600,228,0
556,3023,0
1145,2818,0
1241,1138,0
1196,2750,0
858,1652,0
251,2513,0
42,2068,1
838,461,1
606,700,0
736,182,0
1251,362,0
1117,2970,0
1166,2197,0
638,2803,0
1127,2198,0
593,331,0
537,2255,0
274,2227,0
531,1163,0
208,3077,0
952,2285,1
601,450,0
1317,679,1
1159,2285,0
248,1791,0
517,953,0
648,2865,0
361,917,0
484,1696,0
490,192,0
465,1017,0
176,3014,0
888,1014,0
176,3048,0
587,955,0
604,3091,0
724,2922,0
436,2217,1
1044,43,0
93,3027,0
648,305,1
368,2159,0
1185,2765,0
225,2867,0
851,480,0
465,257,0
1329,3048,0
1190,3056,0
348,2441,0
858,183,0
597,911,0
250,1970,0
1257,2061,0
753,1514,0
881,2544,1
547,1129,0
661,923,0
1184,563,1
87,1007,0
731,3014,0
348,959,0
731,1666,0
945,3106,0
957,199,0
1116,3184,0
1281,551,1
897,3161,0
145,998,0
1069,3036,0
12,1808,0
6,368,0
377,2624,1
553,426,0
364,216,0
862,2502,1
518,3171,0
373,2805,1
599,3022,0
218,1643,0
1341,196,0
1182,803,0
653,3103,0
617,2676,0
458,2619,1
128,85,0
739,2827,0
244,2681,0
225,2848,0
860,228,1
197,63,0
176,2626,0
527,2503,0
890,2227,0
465,960,0
578,1162,0
514,2441,0
586,1016,0
760,1845,0
5,1889,0
958,145,0
977,843,1
547,3175,0
839,1180,0
1148,1525,0
903,2131,0
195,1434,0
1293,1129,0
1349,254,1
557,91,0
544,800,0
1331,3152,0
515,2143,0
1360,1903,0
897,426,0
258,2193,0
1241,523,1
1109,2811,0
1195,2008,0
29,2002,1
1349,1213,0
753,891,0
497,1636,0
1294,3221,0
1324,2984,0
532,3133,0
118,1771,1
512,2959,0
1092,3124,0
521,375,0
615,1017,0
264,145,0
90,2524,0
883,1763,0
517,508,0
597,368,0
518,1514,0
1306,234,0
632,273,1
1297,689,1
1115,1433,0
620,960,0
371,2803,0
1145,1163,0
181,1538,1
753,2688,0
270,203,0
6,355,0
991,3014,0
608,426,0
1145,3029,0
890,2008,0
26,190,0
1191,333,0
587,3091,0
783,613,0
655,3127,0
1099,1870,0
610,989,0
1190,192,0
1078,2083,0
446,2006,0
620,3032,0
518,2803,0
644,891,0
821,691,0
606,2332,0
249,64,0
599,845,0
146,3027,0
218,111,0
661,242,1
873,3034,0
883,2193,0
1038,2040,0
614,1182,0
349,2133,0
689,3102,0
761,777,0
267,1696,0
1229,371,0
642,355,0
705,3060,0
76,2315,0
852,3160,0
1311,664,1
441,1089,0
586,3033,0
1005,1447,0
264,508,0
354,3110,0
87,2863,0
145,2867,0
587,1805,0
496,239,0
1148,1447,0
1284,1039,1
522,1162,0
26,568,0
520,3087,0
913,3127,1
1130,921,0
287,3214,0
395,3099,0
1315,656,1
271,1585,0
400,3108,0
1149,985,0
558,2313,0
1022,793,1
319,3099,0
803,91,0
1099,3035,0
105,1666,0
572,309,0
800,1109,0
897,4,0
615,70,0
1318,3119,0
549,1897,0
1021,352,0
608,902,0
945,887,1
541,1105,0
956,994,0
851,792,0
511,3215,0
531,125,0
558,2804,0
325,3110,1
1118,71,0
736,91,0
520,1823,0
276,2804,0
280,2989,0
1082,2069,1
627,2064,0
751,2283,0
654,2828,0
333,192,0
753,1129,0
808,2587,0
1145,2411,0
270,1129,0
371,2853,0
13,2264,1
772,176,0
484,960,0
1099,1360,0
1310,3168,0
614,2816,0
144,1817,0
250,1447,0
544,375,0
1357,614,1
897,1865,0
588,75,0
614,1010,0
1321,3021,0
799,1063,0
1078,2100,1
1334,1842,0
1026,2320,0
309,2095,0
557,921,0
1008,2866,0
642,984,0
109,836,0
350,354,0
565,939,0
282,2045,0
837,1135,0
937,1858,0
1056,2050,0
490,3204,0
890,3048,0
6,309,0
616,2419,0
32,2082,0
1072,2375,0
587,3194,0
1127,2789,0
1001,480,0
347,2909,0
866,448,0
118,1553,0
146,330,0
1332,234,0
271,1159,0
804,2758,0
1257,562,0
1190,1039,0
808,562,0
349,2045,0
321,2314,0
1264,2402,0
1228,451,0
248,108,0
605,2848,0
506,1037,0
544,3117,0
273,1311,0
669,219,1
1269,2720,0
1076,1157,0
910,3161,0
1013,402,0
890,3023,1
1337,2123,0
592,151,0
553,902,0
882,2546,1
459,2523,1
271,3190,0
76,367,0
271,1163,0
1174,917,0
544,2441,0
604,1791,0
1261,2384,0
1225,2620,0
511,1182,0
532,3033,0
1284,2926,0
1264,2744,0
444,2864,0
824,1627,0
490,1137,0
1020,243,0
741,465,0
207,49,0
1225,891,0
1148,2793,0
1015,1134,0
114,1307,0
542,2236,0
723,2821,0
571,1159,0
808,792,0
528,3063,0
26,893,0
271,3194,0
606,137,0
1115,2490,0
47,1685,0
113,3091,0
840,2941,1
1212,2072,0
412,2393,0
1353,832,0
775,2852,0
500,2563,1
1115,2399,0
781,2821,0
632,798,0
1174,430,0
608,1865,0
1078,2573,0
512,3175,0
393,2803,0
1020,2869,0
1130,911,0
204,13,0
1176,2412,0
592,946,0
597,893,0
512,2848,0
787,1118,0
23,456,0
683,3132,0
250,25,0
1078,2587,0
866,291,0
553,331,0
287,192,0
165,109,0
1016,2987,0
271,3027,0
79,2824,0
498,277,0
799,2671,0
718,2048,0
1330,986,0
270,891,0
371,1163,0
51,2092,1
538,1504,0
1306,878,0
322,3019,0
538,2852,0
209,128,0
589,1136,0
350,1146,0
512,3093,0
535,1137,0
1349,369,0
1310,577,0
603,259,1
572,893,0
1119,2189,1
1255,2772,0
265,558,0
614,3204,0
972,2123,0
879,1985,0
29,659,0
1190,2273,0
554,179,0
212,3134,0
333,355,0
577,2773,1
65,2125,1
27,1447,1
1281,523,0
584,375,0
950,394,0
1252,2649,0
552,541,1
823,3204,0
587,2837,0
1019,2920,0
578,1163,0
30,358,0
784,2075,0
273,3033,0
29,1103,0
350,558,0
1023,2628,0
1050,2862,0
524,944,1
837,430,0
829,3212,0
903,277,0
1074,3139,0
577,1138,0
1351,3108,0
604,1162,0
1336,276,0
1196,2104,0
883,960,0
467,1201,0
547,2364,0
731,3016,0
228,3109,0
974,1195,0
522,3027,0
592,367,0
497,904,0
736,1865,0
971,3014,0
138,3123,0
832,157,0
944,2040,0
287,2199,0
204,1812,0
1353,2851,0
580,1036,0
1259,1437,0
1355,617,1
541,3215,0
653,2100,0
573,2634,1
892,986,0
981,1666,0
547,1207,0
1329,3023,0
1099,2813,0
981,3014,0
1275,2432,1
772,326,0
1273,428,0
779,2765,0
361,1213,0
572,1213,0
1258,535,0
1075,645,0
346,1439,0
139,99,0
1238,2614,0
712,2343,0
781,1095,0
431,286,0
944,2539,0
1349,1865,0
516,917,0
348,3160,0
543,3161,0
257,1962,0
827,2169,0
519,1163,0
93,1652,1
548,2333,0
511,1473,0
1330,2503,0
888,2853,0
1166,2496,0
1131,2172,1
114,3092,0
616,1169,0
735,2073,0
688,2608,0
910,950,0
575,3108,0
1353,179,0
250,168,0
1148,2766,0
571,2848,0
606,2377,0
508,1485,0
517,2606,0
605,2137,0
1241,3134,0
548,2530,0
1199,1564,0
518,1095,0
554,845,0
1145,1207,0
645,2959,0
465,324,0
358,2838,1
1272,562,0
1130,372,0
1294,2864,0
1113,919,0
1175,2176,0
615,923,0
1105,2490,1
1251,367,0
632,2766,0
512,1007,0
1143,2196,1
1008,1762,0
139,558,0
218,2419,0
137,129,0
146,3148,0
1099,3082,0
614,2877,0
921,177,1
557,531,0
1345,3221,0
1078,2927,0
228,2821,0
272,921,0
557,324,0
1330,3094,0
511,1514,0
1287,1342,0
1159,2117,1
892,911,0
250,2791,0
452,1923,0
657,1584,0
516,176,0
557,99,0
90,937,0
559,358,0
1145,2257,0
1272,1044,0
1225,2141,0
1303,3108,0
599,2501,1
578,3215,0
1305,2853,0
1186,1853,0
1285,497,1
608,1612,0
576,3041,0
171,2816,0
995,2253,1
540,3111,0
518,2867,0
610,2055,0
167,1500,0
1115,1427,1
551,140,0
348,2833,0
557,893,0
1119,707,1
389,2996,0
777,3119,0
1333,1177,0
597,2112,0
1023,786,1
1290,1062,0
1008,1534,1
823,3194,0
279,3180,0
1076,3180,0
1290,2447,0
613,3,0
1198,1265,0
348,2411,0
30,324,0
1022,1190,0
229,3089,0
753,1585,0
1312,665,1
157,1950,0
284,292,0
541,2137,0
687,249,1
608,1213,0
490,3160,0
1181,894,1
539,1016,0
587,2867,0
492,2959,0
208,735,0
731,3009,0
572,3077,0
1177,2195,0
462,1640,0
1008,305,0
562,368,0
661,1853,0
576,3,0
310,313,0
347,603,0
614,2863,0
642,953,0
5,1640,0
1166,2505,0
1225,1086,1
588,99,0
474,2441,0
581,2003,0
208,1954,0
431,1893,0
165,1111,0
146,286,0
718,2136,0
1022,305,0
1264,1142,0
779,2510,0
1288,493,1
265,923,0
1076,1821,0
551,1962,0
30,953,0
1086,3196,0
574,1207,0
1201,3099,0
892,192,0
737,361,0
1347,598,1
587,1748,0
1329,3016,0
733,565,0
1028,2296,0
934,173,1
654,314,1
1321,2313,0
146,891,0
207,1771,0
781,998,0
645,1132,0
1100,2365,1
604,1805,0
875,2463,0
412,75,0
781,1163,0
876,465,0
1000,3106,0
648,268,0
602,531,0
1293,3003,0
512,273,0
492,375,0
1056,2093,0
389,3016,0
944,153,0
1174,897,0
892,568,0
264,2649,0
723,2332,0
208,69,0
760,2386,0
282,2076,0
371,1075,0
736,2471,0
827,1059,0
805,2580,1
608,893,0
269,808,0
45,2076,0
1341,1475,0
276,2501,0
382,893,0
1282,2524,0
6,352,0
102,1668,0
586,0,0
605,2816,0
624,296,1
208,1151,0
616,3126,0
614,3199,0
250,1485,0
540,2323,1
1322,939,0
816,2863,0
35,2018,0
1107,2016,1
565,190,0
274,836,0
1116,952,1
1190,792,0
562,338,0
803,75,0
458,3056,0
587,1075,0
1246,1398,0
1293,2839,0
518,1159,0
219,1962,0
1321,3022,0
1259,433,0
557,2393,0
271,2165,0
606,1686,0
662,1899,0
271,1170,0
1021,1970,0
699,328,0
1186,254,0
1127,1065,0
823,1137,0
1330,639,1
808,2030,0
621,298,0
1212,3189,0
519,2850,0
262,1125,1
761,2193,0
866,1722,0
176,836,0
1022,1583,0
197,97,0
428,3144,0
839,1151,0
367,2776,0
31,2006,1
364,750,0
271,1014,0
233,906,0
1357,466,0
128,1818,1
519,2863,0
1110,2050,0
853,2503,0
857,2197,0
606,1170,0
890,621,0
1271,2619,0
1270,614,0
620,2391,0
998,2056,0
605,1010,0
1008,2489,0
863,330,0
819,566,0
355,2866,1
276,2851,0
571,3215,0
1210,1579,0
231,1742,0
1021,2998,0
523,2518,0
44,2313,0
1241,122,0
581,2396,0
1132,1618,0
1004,794,1
197,725,0
615,946,0
1195,3103,0
578,1880,0
55,2159,0
229,203,0
559,984,0
944,2093,0
219,1809,0
604,1512,1
1020,2345,0
382,2193,1
1321,3016,0
618,1142,0
711,1201,0
567,2203,0
26,2199,0
654,2791,0
610,2131,0
198,16,0
208,14,0
516,923,0
695,2786,0
1258,1052,0
1141,929,1
562,485,0
892,921,0
1207,1441,0
1175,2649,0
654,3089,0
903,2830,0
957,1139,0
496,1961,0
90,2616,0
1190,312,0
562,897,0
518,1162,0
1272,3056,0
287,2383,0
228,2202,0
606,2850,0
839,902,0
635,2095,0
88,939,0
225,2195,0
602,984,0
950,2621,0
1338,650,1
1053,760,0
614,915,0
82,2992,0
605,1472,0
371,2411,0
504,192,0
504,1180,0
635,2002,0
923,358,0
519,3205,0
47,2072,0
1258,1048,0
876,2471,0
516,4,0
992,1970,0
561,3038,0
1014,775,0
1110,2544,0
45,2060,1
382,2505,0
204,1719,0
605,3183,0
496,1137,0
1045,3119,0
1316,2901,0
535,375,0
574,2316,0
361,3161,0
823,945,0
15,3060,0
368,2909,0
480,678,0
176,196,0
107,1696,1
602,3161,0
1258,2399,0
907,3039,0
518,2497,0
586,1161,0
975,1648,0
287,3024,1
400,3119,0
322,324,0
565,70,0
1287,1062,0
271,576,0
627,2982,0
374,663,0
246,1800,0
492,332,0
135,891,0
1115,204,0
164,1487,1
1001,2077,0
1335,628,1
145,1364,0
705,2468,0
860,2236,1
376,674,0
185,1107,0
620,798,1
741,176,0
135,1701,0
1272,2920,0
23,2050,0
1145,3215,0
1004,784,0
414,2875,1
562,3138,0
510,2946,0
774,2377,0
606,2839,0
1334,70,0
829,2766,1
75,1594,1
487,1771,0
1221,5,0
198,1701,0
516,954,0
523,1172,0
225,1816,0
133,102,0
828,2314,0
808,2765,0
541,2847,0
15,1188,0
837,902,1
428,249,0
935,613,1
751,2335,0
1258,1033,0
736,151,0
611,1099,0
662,3117,1
1024,1083,0
515,906,0
941,2813,0
320,2329,1
1127,2182,1
572,897,0
1264,3056,0
1145,2837,0
133,22,0
1349,960,0
146,1163,0
515,832,0
492,1497,0
202,1517,0
512,1083,0
1057,37,0
634,3019,0
511,1075,0
753,2853,0
271,1162,0
3,1361,0
620,216,0
517,902,0
979,2881,0
605,1170,0
991,3022,0
447,672,0
1287,1083,0
201,57,0
1170,2182,0
26,951,0
574,2480,0
636,2055,0
852,2620,0
547,1001,0
881,2050,0
1030,2247,0
779,313,0
523,3126,0
174,1190,0
606,915,0
874,1066,0
1130,1678,0
1055,2774,0
906,2586,0
274,2804,0
950,2291,0
609,922,0
396,1036,0
670,566,0
580,3033,0
1246,1066,0
212,1485,0
602,176,0
287,2112,0
208,1971,0
942,2080,0
1105,792,0
602,369,0
951,362,0
1123,300,0
528,1136,0
1286,2935,1
135,125,0
544,286,1
520,3033,0
500,3108,0
1246,1317,0
993,1350,0
1293,700,1
1021,3089,0
858,1010,0
543,3032,0
492,1514,0
874,1139,0
528,0,0
763,2166,0
522,2863,0
1156,2124,1
273,3063,0
412,911,0
773,904,0
267,2395,0
1051,2360,1
751,2924,0
113,2821,0
333,2833,0
547,1687,0
1223,2860,0
1086,2077,1
284,3070,0
506,368,0
858,3199,0
105,3009,0
270,352,0
612,2299,1
722,861,0
497,3190,0
464,237,0
35,456,0
645,1961,0
565,566,0
1148,1485,0
128,1841,0
881,1441,0
528,1016,0
1001,674,0
1078,2926,0
119,1774,1
823,3199,0
906,709,0
644,330,1
575,886,0
1105,2400,0
520,0,0
602,1213,0
208,1733,0
932,2141,0
294,2970,0
1341,2996,0
910,954,0
578,2877,0
481,906,0
491,2427,1
555,3108,0
3,1290,0
1170,2789,0
789,3110,0
487,1525,0
1321,647,0
541,2464,0
465,1853,0
1045,3108,0
1115,2960,0
736,2112,0
527,145,0
1130,558,0
635,3050,0
1047,747,1
789,2493,1
589,900,0
646,2062,0
1113,1344,0
597,558,0
490,2803,1
1183,993,0
1008,3144,0
654,168,0
1232,2418,0
113,3204,0
731,836,0
271,348,0
1249,116,0
695,2777,0
333,309,0
594,1525,0
64,1084,0
444,1240,0
781,1514,0
1287,2468,0
1255,2145,0
1066,2050,0
107,2807,0
287,2839,0
135,192,0
661,254,0
527,372,0
26,977,0
592,430,0
584,1715,0
225,1585,0
514,915,0
1234,994,0
26,1213,0
1284,535,0
371,2497,0
884,226,0
1194,573,1
970,2209,1
292,2973,0
215,96,0
1313,2951,0
557,2372,0
527,2807,1
1291,701,1
515,2062,0
570,1424,0
617,577,0
1246,1233,0
855,376,0
1174,950,0
287,2766,0
546,1696,1
264,2607,0
91,300,0
306,2940,0
541,2863,0
1066,2036,1
1148,3028,0
883,2473,0
574,2867,0
378,786,0
33,556,0
1322,216,0
823,3215,0
268,2970,0
202,734,0
556,2143,0
750,342,1
1252,361,0
594,1007,0
146,375,0
556,2062,0
1078,2589,0
504,893,0
926,2554,1
465,71,0
1038,2373,0
1130,331,0
1321,687,1
599,179,0
827,2122,0
1195,2044,0
492,1169,0
570,852,0
88,1678,0
539,3063,0
377,2866,0
632,1007,0
781,2195,0
168,2160,0
852,891,0
1175,228,0
267,3166,0
737,3166,0
198,291,0
519,945,0
26,151,0
1148,352,0
208,740,0
644,2821,0
219,1939,0
1246,1328,0
511,2441,0
109,3023,0
605,3204,0
750,891,0
556,2996,0
687,30,0
932,3214,0
602,923,0
875,2276,0
571,2867,0
270,2792,0
1080,703,0
362,2855,1
888,3160,0
178,1548,1
443,2816,0
416,2880,0
1001,219,0
571,1105,0
890,906,0
914,3036,0
578,1512,0
25,2121,0
918,3155,0
1235,750,0
1246,1302,0
1008,793,0
559,371,0
897,917,0
1087,899,0
600,265,0
541,1636,0
1287,204,0
939,2274,1
1353,3023,0
1127,292,0
1207,980,0
808,1062,0
593,986,0
1114,1360,0
1253,532,1
459,2801,0
512,1701,0
606,3027,0
75,1921,1
364,2807,0
296,1239,0
265,242,0
740,427,1
518,3175,0
527,521,0
312,577,1
1118,75,0
397,2940,0
779,2561,0
361,254,0
45,772,0
554,3014,1
139,531,0
453,2133,1
951,2853,0
735,2136,0
26,372,1
1275,2468,0
773,2821,0
78,1602,1
26,2308,0
124,3047,0
946,2544,0
525,1198,0
827,2132,0
1040,2350,1
1324,1181,0
543,444,0
738,456,0
1148,1970,0
271,2833,0
331,3110,0
52,2161,0
944,3155,0
514,2853,0
371,3175,0
827,2802,0
208,71,0
1264,2937,0
498,2830,0
359,2836,1
608,977,0
298,2966,0
662,125,0
816,137,0
823,2480,0
250,68,0
866,1497,0
1275,1026,0
